doi,url,primary_url,title,original_title,short_title,subtitle,type,subtype,prefix,publisher,container_title,short_container_title,institution_name,created_date,posted_date,deposited_date,indexed_date,issued_date,published_online_date,published_print_date,accepted_date,approved_date,authors,authors_json,editors_json,translators_json,chairs_json,contributors_json,license_url,licenses_json,links_json,subjects,subjects_json,language,issn_json,issn_type_json,isbn_type_json,alternative_id_json,funder_json,reference_count,is_referenced_by_count,references_json,is_preprint_of,has_preprint,is_version_of,relation_json,update_type,update_policy,update_to_json,archive_json,content_domain_json,assertion_json,institution_json,group_title,member,source,score,abstract_raw
10.31219/osf.io/tb26v_v2,https://doi.org/10.31219/osf.io/tb26v_v2,https://osf.io/tb26v_v2,Statistical word segmentation and target detection tasks require different mechanisms,,,,posted-content,preprint,10.31219,Center for Open Science,,,,2025-10-01,2025-10-01,2025-10-01,2025-10-01,2025-10-01,,,,,Meili Luo; Ran Cao; Felix Hao Wang,"[{""affiliation"": [], ""family"": ""Luo"", ""given"": ""Meili"", ""sequence"": ""first""}, {""affiliation"": [], ""family"": ""Cao"", ""given"": ""Ran"", ""sequence"": ""additional""}, {""ORCID"": ""https://orcid.org/0000-0001-7143-1754"", ""affiliation"": [], ""authenticated-orcid"": true, ""family"": ""Wang"", ""given"": ""Felix Hao"", ""sequence"": ""additional""}]",,,,,https://creativecommons.org/licenses/by/4.0/legalcode,"[{""URL"": ""https://creativecommons.org/licenses/by/4.0/legalcode"", ""content-version"": ""unspecified"", ""delay-in-days"": 0, ""start"": {""date-parts"": [[2025, 10, 1]], ""date-time"": ""2025-10-01T00:00:00Z"", ""timestamp"": 1759276800000}}]",,,,,,,,,,0,0,,,,10.31219/osf.io/tb26v,"{""is-version-of"": [{""asserted-by"": ""subject"", ""id"": ""10.31219/osf.io/tb26v"", ""id-type"": ""doi""}]}",,,,,"{""crossmark-restriction"": false, ""domain"": []}",,,Open Science Framework,15934,Crossref,0.0,"<p>Statistical learning is a powerful mechanism that can support a variety of learning tasks. Many theories have assumed a single mechanism for statistical learning across different tasks, where a unitary mechanism is supposed to explain results from various studies, even across different modalities. In this study, we studied auditory statistical learning by comparing two different experimental paradigms, target detection and word segmentation, and examined if different mechanisms are required to explain results from the two paradigms. Previous work using the word segmentation paradigm suggested that learning is better with sequences containing uniform-length words than with sequences containing mixed-length words. If the same mechanism supports the target detection task, the same results are predicted. However, while learning was successful in both Experiments 1 and 2 with the target detection paradigm, the effect was larger in the mixed condition than in the uniform condition. We further replicated the uniform condition advantage in the word segmentation paradigm in Experiment 3. Thus, we hypothesized that the target detection paradigm required a different mechanism from those in word segmentation. To understand these mechanisms, we proposed both theoretical analyses and a computational model to simulate results from the target detection paradigm. We found that a prediction mechanism, rather than clustering, could explain the data from target detection. Crucially, this mechanism can produce facilitation effects without performing segmentation. We discuss both the theoretical and empirical reasons why the target detection and word segmentation paradigm might engage different processes, and how these findings contribute to our understanding of statistical word segmentation.</p>"
10.31219/osf.io/yrxc8_v3,https://doi.org/10.31219/osf.io/yrxc8_v3,https://osf.io/yrxc8_v3,"Physiological Encoding of Social Evaluation: Modeling Eye Movements, Pupillary, and Neuronal Responses to Faces",,,,posted-content,preprint,10.31219,Center for Open Science,,,,2025-10-01,2025-10-01,2025-10-01,2025-10-02,2025-10-01,,,,,Mao Anqi; Runnan Cao; Sai Sun; Shuo Wang; DongWon Oh,"[{""affiliation"": [], ""family"": ""Anqi"", ""given"": ""Mao"", ""sequence"": ""first""}, {""affiliation"": [], ""family"": ""Cao"", ""given"": ""Runnan"", ""sequence"": ""additional""}, {""affiliation"": [], ""family"": ""Sun"", ""given"": ""Sai"", ""sequence"": ""additional""}, {""ORCID"": ""https://orcid.org/0000-0003-2562-0225"", ""affiliation"": [], ""authenticated-orcid"": true, ""family"": ""Wang"", ""given"": ""Shuo"", ""sequence"": ""additional""}, {""ORCID"": ""https://orcid.org/0000-0002-2105-3756"", ""affiliation"": [{""id"": [{""asserted-by"": ""publisher"", ""id"": ""https://ror.org/00hx57361"", ""id-type"": ""ROR""}], ""name"": ""Princeton University""}], ""authenticated-orcid"": true, ""family"": ""Oh"", ""given"": ""DongWon"", ""sequence"": ""additional""}]",,,,,https://creativecommons.org/licenses/by/4.0/legalcode,"[{""URL"": ""https://creativecommons.org/licenses/by/4.0/legalcode"", ""content-version"": ""unspecified"", ""delay-in-days"": 0, ""start"": {""date-parts"": [[2025, 10, 1]], ""date-time"": ""2025-10-01T00:00:00Z"", ""timestamp"": 1759276800000}}]",,,,,,,,,,0,0,,,,10.31219/osf.io/yrxc8,"{""is-version-of"": [{""asserted-by"": ""subject"", ""id"": ""10.31219/osf.io/yrxc8"", ""id-type"": ""doi""}, {""asserted-by"": ""subject"", ""id"": ""10.31219/osf.io/yrxc8"", ""id-type"": ""doi""}]}",,,,,"{""crossmark-restriction"": false, ""domain"": []}",,,Open Science Framework,15934,Crossref,0.0,"<p>Face-based social evaluations are ubiquitous and consequential. These evaluations are organized along two fundamental dimensions: valence (positive versus negative intentions) and power (high versus low social influence). However, how these dimensions manifest in spontaneous physiological responses remains unclear. Across three studies (96 participants and 506 single neurons), we used data-driven modeling to identify dimension-specific physiological signatures. Positive evaluations along the valence dimension were encoded by pupillary constriction and decreased neural activity in both amygdala and hippocampus. Amygdalar suppression was feature-specific, emerging only during mouth fixations, whereas the hippocampus exhibited feature-invariant suppression across all fixations. Power evaluations were encoded by pupil dilation, prolonged eye-region fixations, and increased hippocampal activity. Furthermore, social anxiety selectively heightened the sensitivity of pupillary responses to valence but did not affect power encoding. This selective modulation confirms that these responses are driven by high-level social computations rather than reflexive reactions to low-level visual features. Our findings demonstrate how the fundamental dimensions of social evaluation are embodied across multiple physiological systems within moments of viewing a face.</p>"
10.31219/osf.io/4a86z_v3,https://doi.org/10.31219/osf.io/4a86z_v3,https://osf.io/4a86z_v3,Thinking Climate Change through the Lens of Abstractness:  a Multi-Task and Multi-Setting Investigation into Generational Differences in the Conceptualization of Ecology,,,,posted-content,preprint,10.31219,Center for Open Science,,,,2025-10-01,2025-10-01,2025-10-01,2025-10-02,2025-10-01,,,,,Ilenia Falcinelli; Chiara Fini; Claudia Mazzuca; Guido Alessandri; Fabio Alivernini; Roberto Baiocco; Andrea Chirico; Lorenzo Filosa; Tommaso Palombi; Jessica Pistella; Simone Tavolucci; Fabio Lucidi; Anna M. Borghi,"[{""ORCID"": ""https://orcid.org/0000-0002-7692-5881"", ""affiliation"": [], ""authenticated-orcid"": true, ""family"": ""Falcinelli"", ""given"": ""Ilenia"", ""sequence"": ""first""}, {""affiliation"": [], ""family"": ""Fini"", ""given"": ""Chiara"", ""sequence"": ""additional""}, {""ORCID"": ""https://orcid.org/0000-0002-1568-2425"", ""affiliation"": [], ""authenticated-orcid"": true, ""family"": ""Mazzuca"", ""given"": ""Claudia"", ""sequence"": ""additional""}, {""ORCID"": ""https://orcid.org/0000-0003-4731-5248"", ""affiliation"": [], ""authenticated-orcid"": true, ""family"": ""Alessandri"", ""given"": ""Guido"", ""sequence"": ""additional""}, {""ORCID"": ""https://orcid.org/0000-0002-8998-9374"", ""affiliation"": [], ""authenticated-orcid"": true, ""family"": ""Alivernini"", ""given"": ""Fabio"", ""sequence"": ""additional""}, {""ORCID"": ""https://orcid.org/0000-0002-6372-3762"", ""affiliation"": [], ""authenticated-orcid"": true, ""family"": ""Baiocco"", ""given"": ""Roberto"", ""sequence"": ""additional""}, {""ORCID"": ""https://orcid.org/0000-0001-9955-1926"", ""affiliation"": [], ""authenticated-orcid"": true, ""family"": ""Chirico"", ""given"": ""Andrea"", ""sequence"": ""additional""}, {""ORCID"": ""https://orcid.org/0000-0002-9748-1351"", ""affiliation"": [], ""authenticated-orcid"": true, ""family"": ""Filosa"", ""given"": ""Lorenzo"", ""sequence"": ""additional""}, {""ORCID"": ""https://orcid.org/0000-0001-7548-3949"", ""affiliation"": [], ""authenticated-orcid"": true, ""family"": ""Palombi"", ""given"": ""Tommaso"", ""sequence"": ""additional""}, {""ORCID"": ""https://orcid.org/0000-0002-4133-0503"", ""affiliation"": [], ""authenticated-orcid"": true, ""family"": ""Pistella"", ""given"": ""Jessica"", ""sequence"": ""additional""}, {""affiliation"": [], ""family"": ""Tavolucci"", ""given"": ""Simone"", ""sequence"": ""additional""}, {""affiliation"": [], ""family"": ""Lucidi"", ""given"": ""Fabio"", ""sequence"": ""additional""}, {""ORCID"": ""https://orcid.org/0000-0001-9455-8408"", ""affiliation"": [], ""authenticated-orcid"": true, ""family"": ""Borghi"", ""given"": ""Anna M."", ""sequence"": ""additional""}]",,,,,https://creativecommons.org/licenses/by/4.0/legalcode,"[{""URL"": ""https://creativecommons.org/licenses/by/4.0/legalcode"", ""content-version"": ""unspecified"", ""delay-in-days"": 0, ""start"": {""date-parts"": [[2025, 10, 1]], ""date-time"": ""2025-10-01T00:00:00Z"", ""timestamp"": 1759276800000}}]",,,,,,,,,,0,0,,,,10.31219/osf.io/4a86z_v1; 10.31219/osf.io/4a86z_v2,"{""is-version-of"": [{""asserted-by"": ""subject"", ""id"": ""10.31219/osf.io/4a86z_v2"", ""id-type"": ""doi""}, {""asserted-by"": ""subject"", ""id"": ""10.31219/osf.io/4a86z_v1"", ""id-type"": ""doi""}]}",,,,,"{""crossmark-restriction"": false, ""domain"": []}",,,Open Science Framework,15934,Crossref,0.0,"<p>To face ecological disasters, one of the major emergencies of modern times, fostering pro-environmental behaviors appears crucial. While research explored various behavioral drivers, few studies addressed the conceptual representation of ecological events at different ages. Our preregistered study fills this gap, examining how different generations conceptualize ecology, considering evidence suggesting a link between climate change abstractness and willingness to act pro-environmentally.Older (&amp;gt;65 yo) and younger (18-35 yo) individuals performed multiple tasks targeting conceptual processing (categorization), semantic organization (rating), and conceptual representation (feature generation) of ecological (e.g., deforestation) compared to concrete (e.g., spoon) and abstract (e.g., affirmation) concepts. In the categorization task, participants responded to critical ecological, concrete, and abstract words but refrained from responding to animal words. The rating task involved evaluating critical words on semantic aspects (e.g., Abstractness, Familiarity), and the feature generation task listing properties true for each concept. Innovatively, participants were tested in three possible settings (indoor, natural outdoor, urbanized outdoor) to test whether exposure to nature impacts categorization.Results showed that independent from the setting, ecological concepts were similar to abstract concepts, especially in semantic organization and conceptual representation, or more abstractly characterized than them, especially in conceptual processing. Age differences were minimal, but older adults, who showed more positive attitudes toward ecology and nature, characterized ecological concepts more concretely than younger adults.  Theoretically, the multifarious characterization of ecological phenomena supports the flexibility of our conceptual system and points to the necessity of overcoming the classical concrete-abstract dichotomy and studying concepts in a more “situated” manner. From a societal point of view, the age-dependent abstractness of ecological concepts might inform policies on how to improve climate change campaigns, tailoring them for different age groups.</p>"
10.31219/osf.io/w46uf_v2,https://doi.org/10.31219/osf.io/w46uf_v2,https://osf.io/w46uf_v2,Are People Willing to Trade Away Democracy for Desirable Outcomes? Experimental Evidence from Six Countries,,,,posted-content,preprint,10.31219,Center for Open Science,,,,2025-10-01,2025-10-01,2025-10-01,2025-11-12,2025-10-01,,,,,Jonathan A. Chu; Scott Williamson; Eddy Shing Fung Yeung,"[{""ORCID"": ""https://orcid.org/0000-0003-1353-109X"", ""affiliation"": [], ""authenticated-orcid"": true, ""family"": ""Chu"", ""given"": ""Jonathan A."", ""sequence"": ""first""}, {""ORCID"": ""https://orcid.org/0000-0003-0769-6197"", ""affiliation"": [{""id"": [{""asserted-by"": ""publisher"", ""id"": ""https://ror.org/052gg0110"", ""id-type"": ""ROR""}], ""name"": ""University of Oxford""}], ""authenticated-orcid"": true, ""family"": ""Williamson"", ""given"": ""Scott"", ""sequence"": ""additional""}, {""ORCID"": ""https://orcid.org/0000-0003-2843-6810"", ""affiliation"": [{""id"": [{""asserted-by"": ""publisher"", ""id"": ""https://ror.org/052gg0110"", ""id-type"": ""ROR""}], ""name"": ""University of Oxford""}], ""authenticated-orcid"": true, ""family"": ""Yeung"", ""given"": ""Eddy Shing Fung"", ""sequence"": ""additional""}]",,,,,https://creativecommons.org/licenses/by/4.0/legalcode,"[{""URL"": ""https://creativecommons.org/licenses/by/4.0/legalcode"", ""content-version"": ""unspecified"", ""delay-in-days"": 0, ""start"": {""date-parts"": [[2025, 10, 1]], ""date-time"": ""2025-10-01T00:00:00Z"", ""timestamp"": 1759276800000}}]",,,,,,,,,,0,1,,,,10.31219/osf.io/w46uf_v1,"{""is-version-of"": [{""asserted-by"": ""subject"", ""id"": ""10.31219/osf.io/w46uf_v1"", ""id-type"": ""doi""}]}",,,,,"{""crossmark-restriction"": false, ""domain"": []}",,,Open Science Framework,15934,Crossref,0.0,"<p>To what extent do people prioritize living in a democracy over other indicators of good governance or personal well-being? This question has become contested as democracies come under pressure worldwide. We address this gap through cross-national conjoint experiments in which survey respondents choose between hypothetical countries that differ in terms of societal-level attributes (e.g., elections, health care) and individual-level outcomes that the respondent would experience (e.g., wealth, minority status). People across Egypt, India, Italy, Japan, Thailand, and the United States consistently prioritize living in a safe country with free and fair elections over other factors, including other components of democracy like civil liberties and checks and balances. Regarding tradeoffs, many people would forfeit democratic elections to avoid living in a dangerous society but not to obtain wealth and other goods. Electoral democracy is attractive globally but can be undermined by concerns about crime and safety.</p>"
10.31219/osf.io/wdvr9_v3,https://doi.org/10.31219/osf.io/wdvr9_v3,https://osf.io/wdvr9_v3,Peer reviewers altered their recommendation based on whether they were cited or wanted to be cited. A matched study of open peer review at four journals.,,,,posted-content,preprint,10.31219,Center for Open Science,,,,2025-10-02,2025-10-02,2025-10-02,2025-10-02,2025-10-02,,,,,Adrian Barnett,"[{""affiliation"": [], ""family"": ""Barnett"", ""given"": ""Adrian"", ""sequence"": ""first""}]",,,,,https://creativecommons.org/licenses/by/4.0/legalcode,"[{""URL"": ""https://creativecommons.org/licenses/by/4.0/legalcode"", ""content-version"": ""unspecified"", ""delay-in-days"": 0, ""start"": {""date-parts"": [[2025, 10, 2]], ""date-time"": ""2025-10-02T00:00:00Z"", ""timestamp"": 1759363200000}}]",,,,,,,,,,0,0,,,,10.31219/osf.io/wdvr9_v1; 10.31219/osf.io/wdvr9_v2,"{""is-version-of"": [{""asserted-by"": ""subject"", ""id"": ""10.31219/osf.io/wdvr9_v2"", ""id-type"": ""doi""}, {""asserted-by"": ""subject"", ""id"": ""10.31219/osf.io/wdvr9_v1"", ""id-type"": ""doi""}]}",,,,,"{""crossmark-restriction"": false, ""domain"": []}",,,Open Science Framework,15934,Crossref,0.0,"<p>Peer reviewers judge the validity and quality of new research. These judgements would ideally be impartial, but some reviewers may give a more favourable review if they are cited in the article because the authors have recognised their work and because citations are a valuable academic currency. Reviewers sometimes request self-citations to their own work, which may be justified as reviewers should be relevant experts. However, some self-citation requests may be unethical, with reviewers exploiting the authors' need to publish. We examined whether citations to a reviewer and self-citations influenced their peer review. We used a matched design at four journals that use open peer review and make all article versions available. Our sample included more than 37,000 peer reviews, with 13% where the reviewer was cited in the article and 6% where the reviewer included a self-citation to their work in their review. Reviewers who were cited were more likely to approve the article, with an odds ratio of 1.61 compared with reviewers who were not cited (adjusted 99.4% CI: 1.16 to 2.23). Reviewers who suggested a self-citation were much less likely to approve the article, with an odds ratio of 0.15 compared with reviewers with no self-citations (adjusted 99.4% CI: 0.08 to 0.30). Reviewers who requested and received a citation were much more likely to approve the article compared to reviewers whose request was disregarded (odds ratio of 3.5, 95% CI: 2.0 to 6.1). Some reviewers' recommendations are dependent on whether they are cited or want to be cited. Self-citation requests can turn peer review into a transaction rather than an objective critique of the article.</p>"
10.31219/osf.io/8mqgk_v2,https://doi.org/10.31219/osf.io/8mqgk_v2,https://osf.io/8mqgk_v2,Does Instrumental Music Training Improve Chinese Word Reading? A Quasi-experimental Study,,,,posted-content,preprint,10.31219,Center for Open Science,,,,2025-10-02,2025-10-02,2025-10-02,2025-10-02,2025-10-02,,,,,William Choi; Siu Hang Kong; Veronica Ka Wai Lai; Alfredo Bautista,"[{""ORCID"": ""https://orcid.org/0000-0001-7981-7782"", ""affiliation"": [], ""authenticated-orcid"": true, ""family"": ""Choi"", ""given"": ""William"", ""sequence"": ""first""}, {""affiliation"": [], ""family"": ""Kong"", ""given"": ""Siu Hang"", ""sequence"": ""additional""}, {""affiliation"": [], ""family"": ""Lai"", ""given"": ""Veronica Ka Wai"", ""sequence"": ""additional""}, {""affiliation"": [], ""family"": ""Bautista"", ""given"": ""Alfredo"", ""sequence"": ""additional""}]",,,,,https://creativecommons.org/licenses/by/4.0/legalcode,"[{""URL"": ""https://creativecommons.org/licenses/by/4.0/legalcode"", ""content-version"": ""unspecified"", ""delay-in-days"": 0, ""start"": {""date-parts"": [[2025, 10, 2]], ""date-time"": ""2025-10-02T00:00:00Z"", ""timestamp"": 1759363200000}}]",,,,,,,,,,0,0,,,,10.31219/osf.io/8mqgk,"{""is-version-of"": [{""asserted-by"": ""subject"", ""id"": ""10.31219/osf.io/8mqgk"", ""id-type"": ""doi""}]}",,,,,"{""crossmark-restriction"": false, ""domain"": []}",,,Open Science Framework,15934,Crossref,0.0,"<p>This study set out to investigate whether and how music training improved Chinese word reading in children. Adopting a quasi-experimental research design, we recruited 86 musically trained children and musically untrained children with similar family income. We tested them on Chinese word reading, phonological awareness, and tone awareness. Moreover, we assessed their cognitive abilities, specifically non-verbal intelligence, inhibitory control, and working memory, as control variables. Data analyses revealed that musically trained children outperformed musically untrained children on word reading and phonological awareness but not tone awareness. Moreover, phonological awareness predicted word reading in musically trained children, with chronological age, cognitive abilities, and tone awareness controlled. However, tone awareness did not significantly predict their word reading. This study provides initial evidence supporting the potential of music training to improve Chinese word reading. Moreover, the findings reflect a possible intervention mechanism in which music training improves Chinese word reading by enhancing phonological awareness. Theoretically, the findings may extend the Precise Auditory Timing Hypothesis to tone languages and the logographic writing system.</p>"
10.31219/osf.io/ycmtq_v3,https://doi.org/10.31219/osf.io/ycmtq_v3,https://osf.io/ycmtq_v3,Energy-Space Gravity: Toward a Unified Entropic Framework for Gravitation and Quantum Geometry,,,,posted-content,preprint,10.31219,Center for Open Science,,,,2025-10-02,2025-10-02,2025-10-02,2025-10-03,2025-10-02,,,,,Andrew P. Whittaker,"[{""ORCID"": ""https://orcid.org/0009-0004-3584-6601"", ""affiliation"": [], ""authenticated-orcid"": true, ""family"": ""Whittaker"", ""given"": ""Andrew P."", ""sequence"": ""first""}]",,,,,,,,,,,,,,,,0,0,,,,10.31219/osf.io/ycmtq_v1; 10.31219/osf.io/ycmtq_v2,"{""is-version-of"": [{""asserted-by"": ""subject"", ""id"": ""10.31219/osf.io/ycmtq_v2"", ""id-type"": ""doi""}, {""asserted-by"": ""subject"", ""id"": ""10.31219/osf.io/ycmtq_v1"", ""id-type"": ""doi""}]}",,,,,"{""crossmark-restriction"": false, ""domain"": []}",,,Open Science Framework,15934,Crossref,0.0,"<p>We present a reformulation of gravity in which spacetime curvature emerges from entropy gradients in a generalized energy-space manifold, eliminating the need for fundamental time. Building on thermodynamic principles, we derive entropy-corrected Einstein field equations and modified geodesic motion from a covariant variational principle. The resulting framework predicts gravitational effects as a consequence of entropy divergence, offering a unified perspective on black hole thermodynamics, cosmic acceleration, and quantum gravity. Energy-space gravity naturally explains gravitational wave dispersion, black hole horizon corrections, and deviations in the CMB power spectrum without invoking dark energy. We propose concrete experimental and observational tests—including pulsar timing anomalies, Casimir effect shifts, entropy-driven gravitational lensing, and entropy-modulated nucleosynthesis—to validate the theory. The framework integrates with loop quantum gravity and holography, suggesting a deeper entropic origin of quantum geometry. This work establishes energy-space gravity as a testable, time-free extension of General Relativity, capable of resolving longstanding tensions between gravitation, thermodynamics, and quantum theory.</p>"
10.31219/osf.io/ekj54_v2,https://doi.org/10.31219/osf.io/ekj54_v2,https://osf.io/ekj54_v2,Mitoception Via the Metabokine GDF15 and Human Health,,,,posted-content,preprint,10.31219,Center for Open Science,,,,2025-10-02,2025-10-02,2025-10-02,2025-10-02,2025-10-02,,,,,Cynthia C. Liu; Martin Picard; Elissa Epel; Tor Wager; Lisa Feldman Barrett; Qiuhan Huang; Dan Belsky; Caroline Trumpff; Evan D Shaulson; Maxwell Wilson; Alan A. Cohen,"[{""affiliation"": [], ""family"": ""Liu"", ""given"": ""Cynthia C."", ""sequence"": ""first""}, {""ORCID"": ""https://orcid.org/0000-0003-2835-0478"", ""affiliation"": [], ""authenticated-orcid"": true, ""family"": ""Picard"", ""given"": ""Martin"", ""sequence"": ""additional""}, {""ORCID"": ""https://orcid.org/0000-0002-8004-2571"", ""affiliation"": [], ""authenticated-orcid"": true, ""family"": ""Epel"", ""given"": ""Elissa"", ""sequence"": ""additional""}, {""affiliation"": [], ""family"": ""Wager"", ""given"": ""Tor"", ""sequence"": ""additional""}, {""affiliation"": [], ""family"": ""Barrett"", ""given"": ""Lisa Feldman"", ""sequence"": ""additional""}, {""affiliation"": [], ""family"": ""Huang"", ""given"": ""Qiuhan"", ""sequence"": ""additional""}, {""affiliation"": [], ""family"": ""Belsky"", ""given"": ""Dan"", ""sequence"": ""additional""}, {""affiliation"": [], ""family"": ""Trumpff"", ""given"": ""Caroline"", ""sequence"": ""additional""}, {""affiliation"": [], ""family"": ""Shaulson"", ""given"": ""Evan D"", ""sequence"": ""additional""}, {""affiliation"": [], ""family"": ""Wilson"", ""given"": ""Maxwell"", ""sequence"": ""additional""}, {""ORCID"": ""https://orcid.org/0000-0003-4113-3988"", ""affiliation"": [], ""authenticated-orcid"": true, ""family"": ""Cohen"", ""given"": ""Alan A."", ""sequence"": ""additional""}]",,,,,https://creativecommons.org/licenses/by/4.0/legalcode,"[{""URL"": ""https://creativecommons.org/licenses/by/4.0/legalcode"", ""content-version"": ""unspecified"", ""delay-in-days"": 0, ""start"": {""date-parts"": [[2025, 10, 2]], ""date-time"": ""2025-10-02T00:00:00Z"", ""timestamp"": 1759363200000}}]",,,,,,,,,,0,0,,,,10.31219/osf.io/ekj54_v1,"{""is-version-of"": [{""asserted-by"": ""subject"", ""id"": ""10.31219/osf.io/ekj54_v1"", ""id-type"": ""doi""}]}",,,,,"{""crossmark-restriction"": false, ""domain"": []}",,,Open Science Framework,15934,Crossref,0.0,"<p>To survive and thrive, living organisms must monitor and regulate cell-level energy supply, demand, and transformation. They do so through a brain-directed interoceptive process we refer to as “metaboception.” Here, we describe a specific metaboceptive signaling cascade mediated by the metabokine/cytokine growth differentiation factor 15 (GDF15), which we name “mitoception.” Mitoception involves an afferent signaling arm initiated by the integrative stress response (ISR), and an efferent signaling arm that simultaneously promotes energy conservation and fuel mobilization. Afferent mitoceptive signaling is mediated by GDF15 released when cells face energy demand in excess of their energy transformation capacity, creating an “energy gap”. Efferent mitoceptive signaling arises when GDF15 receptors in the brainstem receive the signal and initiate psychological experiences including fatigue and anxiety, together with neuroendocrine stress responses. Mitoceptive outputs thus reprioritize systemic energy metabolism to promote allostasis, survival, and long-term health. The proposed GDF15-driven mitoception cascade makes predictions about modifiable processes that shape disease risk, mental health, mood, resilience, well-being, and aging.</p>"
10.31219/osf.io/yvdsc_v2,https://doi.org/10.31219/osf.io/yvdsc_v2,https://osf.io/yvdsc_v2,A Dataset on Adolescent Mental Health in Kenya,,,,posted-content,preprint,10.31219,Center for Open Science,,,,2025-10-02,2025-10-02,2025-10-02,2025-10-03,2025-10-02,,,,,Rosine Baseke; Rachael Kilonzo; Maureen Ngesa; Purity Mwende Nthuku; Tom L Osborn,"[{""ORCID"": ""https://orcid.org/0009-0008-5592-7141"", ""affiliation"": [], ""authenticated-orcid"": true, ""family"": ""Baseke"", ""given"": ""Rosine"", ""sequence"": ""first""}, {""ORCID"": ""https://orcid.org/0009-0002-1973-3450"", ""affiliation"": [], ""authenticated-orcid"": true, ""family"": ""Kilonzo"", ""given"": ""Rachael"", ""sequence"": ""additional""}, {""affiliation"": [], ""family"": ""Ngesa"", ""given"": ""Maureen"", ""sequence"": ""additional""}, {""ORCID"": ""https://orcid.org/0009-0004-1153-4398"", ""affiliation"": [], ""authenticated-orcid"": true, ""family"": ""Nthuku"", ""given"": ""Purity Mwende"", ""sequence"": ""additional""}, {""affiliation"": [], ""family"": ""Osborn"", ""given"": ""Tom L"", ""sequence"": ""additional""}]",,,,,https://creativecommons.org/licenses/by/4.0/legalcode,"[{""URL"": ""https://creativecommons.org/licenses/by/4.0/legalcode"", ""content-version"": ""unspecified"", ""delay-in-days"": 0, ""start"": {""date-parts"": [[2025, 10, 2]], ""date-time"": ""2025-10-02T00:00:00Z"", ""timestamp"": 1759363200000}}]",,,,,,,,,,0,0,,,,10.31219/osf.io/yvdsc_v1,"{""is-version-of"": [{""asserted-by"": ""subject"", ""id"": ""10.31219/osf.io/yvdsc_v1"", ""id-type"": ""doi""}]}",,,,,"{""crossmark-restriction"": false, ""domain"": []}",,,Open Science Framework,15934,Crossref,0.0,"<p>Despite the growing recognition of the mental health crisis among adolescents in low-and middle-income countries (LMICs), there remains insufficient reliable data on youth mental health challenges in Kenya and other LMICs. This dataset presents one of the most comprehensive mental health data from N=17,089 adolescents collected in 2023 across 63 public secondary schools in four counties in Kenya. Data were collected through self-report paper-based questionnaires and include depression and anxiety symptoms as well as 12 other psychosocial measures capturing adverse childhood experiences, digital stressors, family and emerging stressors, and help-seeking behaviors. Additionally, the dataset includes comprehensive socio-demographic data. The dataset addresses a significant gap in contextually representative data on adolescent mental health as well as possible protective and risk factors and provides useful insights in the experience of depression and anxiety among Kenyan adolescents.  The dataset supports psychometric validation of widely used mental health instruments in sub-Saharan African contexts and offers valuable resources for researchers, practitioners, and policymakers working on adolescent mental health interventions and policy development.</p>"
10.31219/osf.io/c6ub3_v2,https://doi.org/10.31219/osf.io/c6ub3_v2,https://osf.io/c6ub3_v2,A Unified Energy-Space Deterministic Framework,,,,posted-content,preprint,10.31219,Center for Open Science,,,,2025-10-03,2025-10-03,2025-10-03,2025-10-03,2025-10-03,,,,,Andrew P. Whittaker,"[{""ORCID"": ""https://orcid.org/0009-0004-3584-6601"", ""affiliation"": [], ""authenticated-orcid"": true, ""family"": ""Whittaker"", ""given"": ""Andrew P."", ""sequence"": ""first""}]",,,,,,,,,,,,,,,,0,0,,,,10.31219/osf.io/c6ub3_v1,"{""is-version-of"": [{""asserted-by"": ""subject"", ""id"": ""10.31219/osf.io/c6ub3_v1"", ""id-type"": ""doi""}]}",,,,,"{""crossmark-restriction"": false, ""domain"": []}",,,Open Science Framework,15934,Crossref,0.0,"<p>This paper presents a Unified Energy-Space Deterministic Framework, integrating entropy-driven attractor states across multiple domains, including quantum mechanics, biological evolution, societal dynamics, astrophysical structuring, and artificial intelligence cognition. Numerical simulations and AI-driven analyses indicate that entropy is not a measure of disorder but a structuring force that governs deterministic transitions across complex systems. I present computational evidence showing that entropy follows structured attractor pathways rather than increasing randomly, providing a theoretical basis for deterministic evolution at all scales. This challenges conventional interpretations of entropy, randomness, and stochastic processes by proposing that what appears as randomness is often structured determinism operating in an imperceptible higher-dimensional energy-space framework. The implications of this theory extend to quantum state evolution, economic forecasting, intelligence evolution constraints, and the large-scale structure of the cosmos. Finally, I propose falsifiable experiments to validate entropy-driven structuring in both quantum mechanics and thermodynamic phase transitions, paving the way for empirical verification of this framework.</p>"
10.31219/osf.io/4257r_v2,https://doi.org/10.31219/osf.io/4257r_v2,https://osf.io/4257r_v2,Mental Imagery as a Form of Memory,,,,posted-content,preprint,10.31219,Center for Open Science,,,,2025-10-02,2025-10-02,2025-10-03,2025-10-03,2025-10-02,,,,,Sacha Behrend,"[{""affiliation"": [], ""family"": ""Behrend"", ""given"": ""Sacha"", ""sequence"": ""first""}]",,,,,https://creativecommons.org/licenses/by/4.0/legalcode,"[{""URL"": ""https://creativecommons.org/licenses/by/4.0/legalcode"", ""content-version"": ""unspecified"", ""delay-in-days"": 0, ""start"": {""date-parts"": [[2025, 10, 2]], ""date-time"": ""2025-10-02T00:00:00Z"", ""timestamp"": 1759363200000}}]",,,,,,,,,,0,0,,,,10.31219/osf.io/4257r_v1,"{""is-version-of"": [{""asserted-by"": ""subject"", ""id"": ""10.31219/osf.io/4257r_v1"", ""id-type"": ""doi""}]}",,,,,"{""crossmark-restriction"": false, ""domain"": []}",,,Open Science Framework,15934,Crossref,0.0,"<p>In the philosophical literature, mental imagery is often described as falling under imagination. This paper critically examines this prevailing notion and contends that classifying mental imagery as a form of memory offers a more explanatorily fruitful framework. To do this, I challenge recent philosophical classifications and argue that if we want to embrace a naturalistic perspective, there are compelling reasons to adopt an alternative taxonomy that takes mental imagery to be a form of memory. Drawing upon research in cognitive science that highlights connections between mental imagery, long term memory and visual working memory, I contend that mental imagery should be understood in relation to these cognitive faculties. Reconsidering the taxonomy of mental imagery allows both to make the collaboration between philosophers and scientists more fruitful and to have a more nuanced understanding of what constitutes a case of mental imagery and its relationship with other mental processes.</p>"
10.31219/osf.io/z9avd_v2,https://doi.org/10.31219/osf.io/z9avd_v2,https://osf.io/z9avd_v2,The postulate of vacuum as the medium of matter waves and  the extension of the equivalence principle,,,,posted-content,preprint,10.31219,Center for Open Science,,,,2025-10-03,2025-10-03,2025-10-03,2025-10-03,2025-10-03,,,,,ZhongFei Mao,"[{""ORCID"": ""https://orcid.org/0000-0002-5453-5874"", ""affiliation"": [], ""authenticated-orcid"": true, ""family"": ""Mao"", ""given"": ""ZhongFei"", ""sequence"": ""first""}]",,,,,,,,,,,,,,,,0,0,,,,10.31219/osf.io/z9avd,"{""is-version-of"": [{""asserted-by"": ""subject"", ""id"": ""10.31219/osf.io/z9avd"", ""id-type"": ""doi""}]}",,,,,"{""crossmark-restriction"": false, ""domain"": []}",,,Open Science Framework,15934,Crossref,0.0,"<p>The vacuum polarization described in quantum electrodynamics inspires the reconstruction of the relationship between a vacuum and a particle. It is reasonable to amalgamate vacuum and matter into one object: the metric space. Thus, the motion of matter can be described as the propagation of the state of space in a vacuum, the vacuum being the medium through which the matter wave propagates. The consequence of unifying a particle and vacuum with metric space is that all the properties of the particle should be described as the intrinsic properties of the space. By defining the affine curvature tensor symmetric part (electric field analogue) and an antisymmetric part (magnetic field analogue, zero divergence), the energy density is proposed to be proportional to the Kretschmann scalar, 𝑢 = 𝑐ℏ𝑅𝑖𝑗𝑘𝑙 𝑅𝑖𝑗𝑘𝑙/2, and the momentum similar to electromagnetic momentum density 𝜀0𝐸 × 𝐵; a metric with a curvature proportional to 𝑚/𝑟2 is thus obtained. The equivalence of the torsion of the affine connection space with the angular momentum of matter is then discussed. The quantized spin angular momentum eigenstate in quantum mechanics is related to a connected torsional manifold. In the case of ℏ/2  spin, it corresponds to a Möbius circle. It is remarkable that the two classified elementary particles, bosons and fermions, correspond to the two types of topological manifolds, orientable and nonorientable manifolds. The reinterpreted concept of matter, in the form of curved space, gives rise to the idea of absolute space. The time dilation observed in the Global Positioning System, as predicted by special relativity and depending on the velocity in relation to the “universal frame,"" provides evidence of absolute space.</p>"
10.31219/osf.io/z9avd_v3,https://doi.org/10.31219/osf.io/z9avd_v3,https://osf.io/z9avd_v3,The postulate of vacuum as the medium of matter waves and  the extension of the equivalence principle,,,,posted-content,preprint,10.31219,Center for Open Science,,,,2025-10-03,2025-10-03,2025-10-03,2025-10-03,2025-10-03,,,,,ZhongFei Mao,"[{""ORCID"": ""https://orcid.org/0000-0002-5453-5874"", ""affiliation"": [], ""authenticated-orcid"": true, ""family"": ""Mao"", ""given"": ""ZhongFei"", ""sequence"": ""first""}]",,,,,,,,,,,,,,,,0,0,,,,10.31219/osf.io/z9avd; 10.31219/osf.io/z9avd_v2,"{""is-version-of"": [{""asserted-by"": ""subject"", ""id"": ""10.31219/osf.io/z9avd_v2"", ""id-type"": ""doi""}, {""asserted-by"": ""subject"", ""id"": ""10.31219/osf.io/z9avd"", ""id-type"": ""doi""}]}",,,,,"{""crossmark-restriction"": false, ""domain"": []}",,,Open Science Framework,15934,Crossref,0.0,"<p>The vacuum polarization described in quantum electrodynamics inspires the reconstruction of the relationship between a vacuum and a particle. It is reasonable to amalgamate vacuum and matter into one object: the metric space. Thus, the motion of matter can be described as the propagation of the state of space in a vacuum, the vacuum being the medium through which the matter wave propagates. The consequence of unifying a particle and vacuum with metric space is that all the properties of the particle should be described as the intrinsic properties of the space. By defining the affine curvature tensor symmetric part (electric field analogue) and an antisymmetric part (magnetic field analogue, zero divergence), the energy density is proposed to be proportional to the Kretschmann scalar, 𝑢 = 𝑐ℏ𝑅𝑖𝑗𝑘𝑙 𝑅𝑖𝑗𝑘𝑙/2, and the momentum similar to electromagnetic momentum density 𝜀0𝐸 × 𝐵; a metric with a curvature proportional to 𝑚/𝑟2 is thus obtained. The equivalence of the torsion of the affine connection space with the angular momentum of matter is then discussed. The quantized spin angular momentum eigenstate in quantum mechanics is related to a connected torsional manifold. In the case of ℏ/2  spin, it corresponds to a Möbius circle. It is remarkable that the two classified elementary particles, bosons and fermions, correspond to the two types of topological manifolds, orientable and nonorientable manifolds. The reinterpreted concept of matter, in the form of curved space, gives rise to the idea of absolute space. The time dilation observed in the Global Positioning System, as predicted by special relativity and depending on the velocity in relation to the “universal frame,"" provides evidence of absolute space.</p>"
10.31219/osf.io/cqr68_v3,https://doi.org/10.31219/osf.io/cqr68_v3,https://osf.io/cqr68_v3,"Assimilation, Emigration and Mobilization: Elite Responses to Territorial Conquest",,,,posted-content,preprint,10.31219,Center for Open Science,,,,2025-10-03,2025-10-03,2025-10-03,2025-10-03,2025-10-03,,,,,Roberto Valli,"[{""ORCID"": ""https://orcid.org/0000-0002-5868-2599"", ""affiliation"": [], ""authenticated-orcid"": true, ""family"": ""Valli"", ""given"": ""Roberto"", ""sequence"": ""first""}]",,,,,https://creativecommons.org/licenses/by/4.0/legalcode,"[{""URL"": ""https://creativecommons.org/licenses/by/4.0/legalcode"", ""content-version"": ""unspecified"", ""delay-in-days"": 0, ""start"": {""date-parts"": [[2025, 10, 3]], ""date-time"": ""2025-10-03T00:00:00Z"", ""timestamp"": 1759449600000}}]",,,,,,,,,,0,0,,,,10.31219/osf.io/cqr68; 10.31219/osf.io/cqr68_v2,"{""is-version-of"": [{""asserted-by"": ""subject"", ""id"": ""10.31219/osf.io/cqr68_v2"", ""id-type"": ""doi""}, {""asserted-by"": ""subject"", ""id"": ""10.31219/osf.io/cqr68"", ""id-type"": ""doi""}]}",,,,,"{""crossmark-restriction"": false, ""domain"": []}",,,Open Science Framework,15934,Crossref,0.0,"<p>Territorial conquest is commonly assumed to generate backlash among the conquered population. This paper argues instead that responses to annexation can vary between emigration, assimilation, and mobilization. Specific choices depend on each individual's ethnic background and the relative costs of each strategy. I test the argument on Alsace-Lorraine, a region annexed twice by Germany and France between 1850 and 1938. Using novel spatial data on historical book publications to measure linguistic behavior of local intellectual elites, and a difference-in-differences design, I document evidence for all three strategies. First, I find that both conquests caused large shifts toward the language of the conquering state. These shifts were partly driven by the emigration of local authors, but also by systematic linguistic assimilation. Second, conquest promoted the mobilization in the form of regionalist discourse, which served as a tool for elites to advocate local interests while integrating into the conquering state, rather than a secessionist form of identification.</p>"
10.31219/osf.io/2ny7d_v2,https://doi.org/10.31219/osf.io/2ny7d_v2,https://osf.io/2ny7d_v2,Extracellular matrices regulate extravasation journey of leukocytes and inflammatory tissue fate.,,,,posted-content,preprint,10.31219,Center for Open Science,,,,2025-10-03,2025-10-03,2025-10-03,2025-10-03,2025-10-03,,,,,Yu-Tung Li,"[{""ORCID"": ""https://orcid.org/0000-0002-0718-7344"", ""affiliation"": [], ""authenticated-orcid"": true, ""family"": ""Li"", ""given"": ""Yu-Tung"", ""sequence"": ""first""}]",,,,,https://creativecommons.org/licenses/by/4.0/legalcode,"[{""URL"": ""https://creativecommons.org/licenses/by/4.0/legalcode"", ""content-version"": ""unspecified"", ""delay-in-days"": 0, ""start"": {""date-parts"": [[2025, 10, 3]], ""date-time"": ""2025-10-03T00:00:00Z"", ""timestamp"": 1759449600000}}]",,,,,,,,,,0,0,,,,10.31219/osf.io/2ny7d_v1,"{""is-version-of"": [{""asserted-by"": ""subject"", ""id"": ""10.31219/osf.io/2ny7d_v1"", ""id-type"": ""doi""}]}",,,,,"{""crossmark-restriction"": false, ""domain"": []}",,,Open Science Framework,15934,Crossref,0.0,"<p>Leukocyte extravasation across the blood endothelium to inflamed tissues is a crucial defence mechanism against invading pathogens. After elimination of pathogen in the tissue, inflammation needs to be resolved back to steady-state. This cascade comprises of several stages: transmigration through the endothelium and the underlying basement membrane, intra-tissue leukocyte activity, and tissue resolution. In each stage, extracellular matrix proteins in the vascular basement membrane and in tissues regulate a multitude of endothelial and leukocyte functions essential to completion of the cascade, either as a collective force-permissive structure or through signalling by individual matrix proteins. This review will focus on how these extracellular matrices regulate the extravasation journey of leukocytes to illustrate their tight functional inter-dependence with profound impacts on the ultimate post-inflammation tissue fate.</p>"
10.31219/osf.io/b3wkr_v2,https://doi.org/10.31219/osf.io/b3wkr_v2,https://osf.io/b3wkr_v2,Intergenerational equity and responsibility: a call to internalize impermanence into certifying carbon sequestration,,,,posted-content,preprint,10.31219,Center for Open Science,,,,2025-10-03,2025-10-03,2025-10-03,2025-10-03,2025-10-03,,,,,Stephanie Arcusa; Klaus Lackner,"[{""ORCID"": ""https://orcid.org/0000-0003-0694-9623"", ""affiliation"": [], ""authenticated-orcid"": true, ""family"": ""Arcusa"", ""given"": ""Stephanie"", ""sequence"": ""first""}, {""affiliation"": [], ""family"": ""Lackner"", ""given"": ""Klaus"", ""sequence"": ""additional""}]",,,,,https://creativecommons.org/licenses/by/4.0/legalcode,"[{""URL"": ""https://creativecommons.org/licenses/by/4.0/legalcode"", ""content-version"": ""unspecified"", ""delay-in-days"": 0, ""start"": {""date-parts"": [[2025, 10, 3]], ""date-time"": ""2025-10-03T00:00:00Z"", ""timestamp"": 1759449600000}}]",,,,,,,,,,0,0,,10.1016/j.envsci.2025.104223,,10.31219/osf.io/b3wkr,"{""is-preprint-of"": [{""asserted-by"": ""subject"", ""id"": ""10.1016/j.envsci.2025.104223"", ""id-type"": ""doi""}], ""is-version-of"": [{""asserted-by"": ""subject"", ""id"": ""10.31219/osf.io/b3wkr"", ""id-type"": ""doi""}]}",,,,,"{""crossmark-restriction"": false, ""domain"": []}",,,Open Science Framework,15934,Crossref,0.0,"<p>Carbon Dioxide Removal that limits or reduces cumulative emissions for the goal of climate action requires sequestration. The assurance that carbon remains sequestered is colloquially known as permanence. In current certification frameworks, permanence is often ascribed a duration inconsistent with and much shorter than the scientific understanding of the lifetime of carbon in the environment. These frameworks treat “impermanence” as an externality. First, this violates the polluter-pays principle rooted in international law, as it absolves the emitter and storage operator of responsibility. Second, any failure of sequestration threatens intergenerational equity, which is a binding concept in climate treaties. Impermanence can be managed if the responsibility for future losses is clearly delineated. For responsible carbon management, we propose shifting the responsibility for the carbon onto the storage operator. As a result the cost of monitoring the carbon reservoir and re-sequestration of any losses will have to be incorporated into the cost of certificates of carbon sequestration. Internalizing monitoring and re-sequestration put temporary and long-term storage on equivalent footing and allow for both. It therefore would strengthen the likelihood of success in reaching the climate goal and would help bridge a major gap between typically short-lived “natural” solutions and theoretically long-lived “engineered” solutions without compromising intergenerational equity.</p>"
10.31219/osf.io/dy76n_v2,https://doi.org/10.31219/osf.io/dy76n_v2,https://osf.io/dy76n_v2,"Price-, Taste-, and Convenience-Competitive Plant-Based Meat Analogues Would Not Currently Replace the Majority of Meat Consumption: A Narrative Review (accepted to Appetite)",,,,posted-content,preprint,10.31219,Center for Open Science,,,,2025-10-03,2025-10-03,2025-10-03,2025-10-03,2025-10-03,,,,,Jacob Robert Peacock,"[{""ORCID"": ""https://orcid.org/0000-0002-4834-8132"", ""affiliation"": [], ""authenticated-orcid"": true, ""family"": ""Peacock"", ""given"": ""Jacob Robert"", ""sequence"": ""first""}]",,,,,https://creativecommons.org/licenses/by/4.0/legalcode,"[{""URL"": ""https://creativecommons.org/licenses/by/4.0/legalcode"", ""content-version"": ""unspecified"", ""delay-in-days"": 0, ""start"": {""date-parts"": [[2025, 10, 3]], ""date-time"": ""2025-10-03T00:00:00Z"", ""timestamp"": 1759449600000}}]",,,,,,,,,,0,0,,,,10.31219/osf.io/dy76n,"{""is-version-of"": [{""asserted-by"": ""subject"", ""id"": ""10.31219/osf.io/dy76n"", ""id-type"": ""doi""}]}",,,,,"{""crossmark-restriction"": false, ""domain"": []}",,,Open Science Framework,15934,Crossref,0.0,"<p>Plant-based meats, like the Beyond Sausage or Impossible Burger, and cultivated meats have become a source of optimism for public health, environmental and animal welfare advocates hoping to mitigate the myriad harms of animal-based foods by replacing them with perfect alternatives. Some have proposed that these substitutes might soon replace animal-based meats based on the supposition that price, taste and convenience are the primary drivers of food choice. Thus, it is hypothesized that if a plant-based meat matches (or exceeds) its animal-based counterpart on the basis of these three criteria, consumption will largely shift from animal-based to plant-based. However, this hypothesis has received little critical attention. To fill this gap, we will review evidence testing the PTC hypothesis, including cross-sectional surveys, hypothetical discrete choice experiments, a field experiment and commercial case studies. Ultimately, given current consumer preferences, we do not find support for the PTC hypothesis. However, PBMs may still have important  potential as a tool for reducing meat consumption.</p>"
10.31219/osf.io/hgc2z_v3,https://doi.org/10.31219/osf.io/hgc2z_v3,https://osf.io/hgc2z_v3,Biased Party Nominations as a Source of Women's Electoral Underperformance,,,,posted-content,preprint,10.31219,Center for Open Science,,,,2025-10-03,2025-10-03,2025-10-03,2025-10-04,2025-10-03,,,,,Thomas Fujiwara; Hanno Hilbig; Pia Raffler,"[{""affiliation"": [], ""family"": ""Fujiwara"", ""given"": ""Thomas"", ""sequence"": ""first""}, {""ORCID"": ""https://orcid.org/0000-0001-5849-9172"", ""affiliation"": [], ""authenticated-orcid"": true, ""family"": ""Hilbig"", ""given"": ""Hanno"", ""sequence"": ""additional""}, {""ORCID"": ""https://orcid.org/0000-0002-1350-8466"", ""affiliation"": [], ""authenticated-orcid"": true, ""family"": ""Raffler"", ""given"": ""Pia"", ""sequence"": ""additional""}]",,,,,https://creativecommons.org/licenses/by/4.0/legalcode,"[{""URL"": ""https://creativecommons.org/licenses/by/4.0/legalcode"", ""content-version"": ""unspecified"", ""delay-in-days"": 0, ""start"": {""date-parts"": [[2025, 10, 3]], ""date-time"": ""2025-10-03T00:00:00Z"", ""timestamp"": 1759449600000}}]",,,,,,,,,,0,0,,,,10.31219/osf.io/hgc2z_v1; 10.31219/osf.io/hgc2z_v2,"{""is-version-of"": [{""asserted-by"": ""subject"", ""id"": ""10.31219/osf.io/hgc2z_v2"", ""id-type"": ""doi""}, {""asserted-by"": ""subject"", ""id"": ""10.31219/osf.io/hgc2z_v1"", ""id-type"": ""doi""}]}",,,,,"{""crossmark-restriction"": false, ""domain"": []}",,,Open Science Framework,15934,Crossref,0.0,"<p>What accounts for candidate gender differences in electoral success? We argue that parties systematically nominate women to run in districts where the party is less popular, making it harder for them to get elected. Our empirical strategy uses the German mixed electoral system to create counterfactual vote share differences that would occur if women and men were nominated in districts where their parties have equal popularity. Using data on all candidates for the German Bundestag across eleven elections, we document that women's underperformance, and its variation across parties and election years, is almost entirely explained by women running in less popular districts. In contrast, we find no evidence that voter bias or candidate characteristics play a substantial role. Our argument highlights gendered party gatekeeping by local officials, which increases in district strength, as a key driver of underrepresentation.</p>"
10.31219/osf.io/j6q2b_v2,https://doi.org/10.31219/osf.io/j6q2b_v2,https://osf.io/j6q2b_v2,Development and Testing of Compact Electronic Modules for Detectors Based on SiPM array,,,,posted-content,preprint,10.31219,Center for Open Science,,,,2025-10-03,2025-10-03,2025-10-04,2025-10-04,2025-10-03,,,,,Ramil Akbarov; Sabuhi Nuruyev; Sergey Tyutyunnikov; Patrik Kucera; Michael Holik,"[{""affiliation"": [], ""family"": ""Akbarov"", ""given"": ""Ramil"", ""sequence"": ""first""}, {""affiliation"": [], ""family"": ""Nuruyev"", ""given"": ""Sabuhi"", ""sequence"": ""additional""}, {""affiliation"": [], ""family"": ""Tyutyunnikov"", ""given"": ""Sergey"", ""sequence"": ""additional""}, {""affiliation"": [], ""family"": ""Kucera"", ""given"": ""Patrik"", ""sequence"": ""additional""}, {""affiliation"": [], ""family"": ""Holik"", ""given"": ""Michael"", ""sequence"": ""additional""}]",,,,,https://creativecommons.org/publicdomain/zero/1.0/legalcode,"[{""URL"": ""https://creativecommons.org/publicdomain/zero/1.0/legalcode"", ""content-version"": ""unspecified"", ""delay-in-days"": 0, ""start"": {""date-parts"": [[2025, 10, 3]], ""date-time"": ""2025-10-03T00:00:00Z"", ""timestamp"": 1759449600000}}]",,,,,,,,,,0,0,,,,10.31219/osf.io/j6q2b_v1,"{""is-version-of"": [{""asserted-by"": ""subject"", ""id"": ""10.31219/osf.io/j6q2b_v1"", ""id-type"": ""doi""}]}",,,,,"{""crossmark-restriction"": false, ""domain"": []}",,,Open Science Framework,15934,Crossref,0.0,"<p>BackgroundCompact electronic modules are essential for modern detector systems utilizing Silicon Photomultiplier (SiPM) arrays due to their small size, low power consumption, and high precision. To address the growing demand for portable and efficient detection systems, the development of modules tailored for such applications has become a critical focus. This study introduces compact electronic modules designed for detectors based on MAPD (Microcell Avalanche Photodiode) arrays, aiming to improve reliability and versatility for industrial, medical, and scientific applications.MethodsThe developed modules include two primary components:DC-DC Voltage Converter: Based on the MAX1932ETC chip.Converts a 5 V input to a stable output voltage adjustable between 30 and 90 V.Supports a maximum current of 2.5 mA, ensuring reliable operation for SiPM arrays.Signal Amplification Unit: Utilizes the LTC6268 chip.Processes input signals ranging from 10 to 75 mV.Offers a gain factor of 45, characterized by low noise and high precision.The modules were integrated with a scintillation detector comprising a MAPD-3NM-II photodiode array and an LFs scintillator. Performance testing was conducted using a Cs-137 gamma source.ResultsThe energy resolution of the detector system was evaluated using the 662 keV gamma line from the Cs-137 source. The modules achieved an energy resolution of 10 ± 0.5%, demonstrating high reliability and efficiency. This performance confirms the modules’ capability to maintain stable operation and precise signal processing under real-world conditions.ConclusionsThe developed compact electronic modules provide a cost-effective and efficient solution for detectors utilizing SiPM arrays. Their stable voltage conversion, low-noise signal amplification, and high energy resolution make them suitable for a wide range of applications in industrial, medical, and scientific fields. Future work may focus on optimizing the modules for broader voltage ranges and compatibility with different scintillator materials to expand their applicability.</p>"
10.31219/osf.io/dcetf_v1,https://doi.org/10.31219/osf.io/dcetf_v1,https://osf.io/dcetf_v1,Pressure Based Theory: Testable Hypotheses and Distinctions from General Relativity and Quantum Field Theory,,,,posted-content,preprint,10.31219,Center for Open Science,,,,2025-10-04,2025-10-04,2025-10-04,2025-10-04,2025-10-04,,,,,Matthew Foutch,"[{""ORCID"": ""https://orcid.org/0009-0003-3219-4647"", ""affiliation"": [], ""authenticated-orcid"": true, ""family"": ""Foutch"", ""given"": ""Matthew"", ""sequence"": ""first""}]",,,,,https://creativecommons.org/licenses/by/4.0/legalcode,"[{""URL"": ""https://creativecommons.org/licenses/by/4.0/legalcode"", ""content-version"": ""unspecified"", ""delay-in-days"": 0, ""start"": {""date-parts"": [[2025, 10, 4]], ""date-time"": ""2025-10-04T00:00:00Z"", ""timestamp"": 1759536000000}}]",,,,,,,,,,0,0,,10.17605/OSF.IO/ZUGT4,,,"{""is-preprint-of"": [{""asserted-by"": ""subject"", ""id"": ""10.17605/OSF.IO/ZUGT4"", ""id-type"": ""doi""}]}",,,,,"{""crossmark-restriction"": false, ""domain"": []}",,,Open Science Framework,15934,Crossref,0.0,"<p>Pressure Based Theory (PBT) proposes a mechanical unification of fundamental forces through particle fluxes in an infinite pressure vessel, extending historical push gravity models like Le Sage’s theory. This paper formalizes PBT’s key testable hypotheses: negligible gravitational drag (&amp;lt; 10−19 m/s2) and avoidance of singularities in black hole collapse. These predictions differ from general relativity (GR), which allows singularities, and quantum field theory (QFT), which incorporates probabilistic interactions without mechanical pushes. We detail experimental setups for falsification, including precision interferometry for drag and horizon imaging for singularities, positioning PBT as a falsifiable alternative to standard models.</p>"
10.31219/osf.io/hdjpk_v2,https://doi.org/10.31219/osf.io/hdjpk_v2,https://osf.io/hdjpk_v2,The Uneven Impact of Generative AI on Entrepreneurial Performance,,,,posted-content,preprint,10.31219,Center for Open Science,,,,2025-10-03,2025-10-03,2025-10-05,2025-10-05,2025-10-03,,,,,Nicholas G. Otis; Rowan Philip Clarke; Solene Delecourt; David Holtz; Rembrand Koning,"[{""affiliation"": [], ""family"": ""Otis"", ""given"": ""Nicholas G."", ""sequence"": ""first""}, {""affiliation"": [], ""family"": ""Clarke"", ""given"": ""Rowan Philip"", ""sequence"": ""additional""}, {""ORCID"": ""https://orcid.org/0000-0002-5917-3526"", ""affiliation"": [], ""authenticated-orcid"": true, ""family"": ""Delecourt"", ""given"": ""Solene"", ""sequence"": ""additional""}, {""ORCID"": ""https://orcid.org/0000-0002-0896-8628"", ""affiliation"": [{""id"": [{""asserted-by"": ""publisher"", ""id"": ""https://ror.org/042nb2s44"", ""id-type"": ""ROR""}], ""name"": ""Massachusetts Institute of Technology""}, {""id"": [{""asserted-by"": ""publisher"", ""id"": ""https://ror.org/01an7q238"", ""id-type"": ""ROR""}], ""name"": ""University of California, Berkeley""}], ""authenticated-orcid"": true, ""family"": ""Holtz"", ""given"": ""David"", ""sequence"": ""additional""}, {""affiliation"": [], ""family"": ""Koning"", ""given"": ""Rembrand"", ""sequence"": ""additional""}]",,,,,,,,,,,,,,,,0,0,,,,10.31219/osf.io/hdjpk,"{""is-version-of"": [{""asserted-by"": ""subject"", ""id"": ""10.31219/osf.io/hdjpk"", ""id-type"": ""doi""}]}",,,,,"{""crossmark-restriction"": false, ""domain"": []}",,,Open Science Framework,15934,Crossref,0.0,"<p>Scalable and low-cost AI assistance has the potential to improve firm decision-making and economic performance, particularly in emerging markets. However, running a business involves a wide range of open-ended problems, making it unclear whether and how recent advances in AI can help business owners around the world make better decisions. In a field experiment with Kenyan entrepreneurs, we evaluated the impact of AI advice on small business revenues and profits by randomizing access to a GPT- 4-powered AI business assistant. While we are unable to reject the null hypothesis of no average treatment effect on firm revenues and profits, we find that the effect for entrepreneurs who were low-performing at baseline is nearly 0.25 standard deviations lower than for initial high performers. Subsample analyses show that low performers did nearly 10% worse due to the AI assistant, whereas high performers may have benefited by over 15%. This differential impact does not appear to result from differences in the questions posed to or the advice received from the AI, but rather from which pieces of AI advice entrepreneurs selected and implemented. More broadly, these results show that generative AI is already capable of impacting real-world business performance— though in uneven and sometimes unexpected ways.</p>"
10.31219/osf.io/hdjpk_v3,https://doi.org/10.31219/osf.io/hdjpk_v3,https://osf.io/hdjpk_v3,The Uneven Impact of Generative AI on Entrepreneurial Performance,,,,posted-content,preprint,10.31219,Center for Open Science,,,,2025-10-03,2025-10-03,2025-10-05,2025-10-05,2025-10-03,,,,,Nicholas G. Otis; Rowan Philip Clarke; Solene Delecourt; David Holtz; Rembrand Koning,"[{""affiliation"": [], ""family"": ""Otis"", ""given"": ""Nicholas G."", ""sequence"": ""first""}, {""affiliation"": [], ""family"": ""Clarke"", ""given"": ""Rowan Philip"", ""sequence"": ""additional""}, {""ORCID"": ""https://orcid.org/0000-0002-5917-3526"", ""affiliation"": [], ""authenticated-orcid"": true, ""family"": ""Delecourt"", ""given"": ""Solene"", ""sequence"": ""additional""}, {""ORCID"": ""https://orcid.org/0000-0002-0896-8628"", ""affiliation"": [{""id"": [{""asserted-by"": ""publisher"", ""id"": ""https://ror.org/042nb2s44"", ""id-type"": ""ROR""}], ""name"": ""Massachusetts Institute of Technology""}, {""id"": [{""asserted-by"": ""publisher"", ""id"": ""https://ror.org/01an7q238"", ""id-type"": ""ROR""}], ""name"": ""University of California, Berkeley""}], ""authenticated-orcid"": true, ""family"": ""Holtz"", ""given"": ""David"", ""sequence"": ""additional""}, {""affiliation"": [], ""family"": ""Koning"", ""given"": ""Rembrand"", ""sequence"": ""additional""}]",,,,,,,,,,,,,,,,0,0,,,,10.31219/osf.io/hdjpk; 10.31219/osf.io/hdjpk_v2,"{""is-version-of"": [{""asserted-by"": ""subject"", ""id"": ""10.31219/osf.io/hdjpk_v2"", ""id-type"": ""doi""}, {""asserted-by"": ""subject"", ""id"": ""10.31219/osf.io/hdjpk"", ""id-type"": ""doi""}]}",,,,,"{""crossmark-restriction"": false, ""domain"": []}",,,Open Science Framework,15934,Crossref,0.0,"<p>Scalable and low-cost AI assistance has the potential to improve firm decision-making and economic performance, particularly in emerging markets. However, running a business involves a wide range of open-ended problems, making it unclear whether and how recent advances in AI can help business owners around the world make better decisions. In a field experiment with Kenyan entrepreneurs, we evaluated the impact of AI advice on small business revenues and profits by randomizing access to a GPT- 4-powered AI business assistant. While we are unable to reject the null hypothesis of no average treatment effect on firm revenues and profits, we find that the effect for entrepreneurs who were low-performing at baseline is nearly 0.25 standard deviations lower than for initial high performers. Subsample analyses show that low performers did nearly 10% worse due to the AI assistant, whereas high performers may have benefited by over 15%. This differential impact does not appear to result from differences in the questions posed to or the advice received from the AI, but rather from which pieces of AI advice entrepreneurs selected and implemented. More broadly, these results show that generative AI is already capable of impacting real-world business performance— though in uneven and sometimes unexpected ways.</p>"
10.31219/osf.io/yg6jv_v2,https://doi.org/10.31219/osf.io/yg6jv_v2,https://osf.io/yg6jv_v2,Same But Different: How Autistic Adults Experience and Describe Depression and Their Alignment with DSM-5 Criteria,,,,posted-content,preprint,10.31219,Center for Open Science,,,,2025-10-05,2025-10-05,2025-10-05,2025-10-05,2025-10-05,,,,,Emma Hinze; Nicole Dargue; Jessica Paynter; Dawn Adams,"[{""affiliation"": [], ""family"": ""Hinze"", ""given"": ""Emma"", ""sequence"": ""first""}, {""ORCID"": ""https://orcid.org/0000-0001-8156-9239"", ""affiliation"": [], ""authenticated-orcid"": true, ""family"": ""Dargue"", ""given"": ""Nicole"", ""sequence"": ""additional""}, {""ORCID"": ""https://orcid.org/0000-0003-0130-0606"", ""affiliation"": [], ""authenticated-orcid"": true, ""family"": ""Paynter"", ""given"": ""Jessica"", ""sequence"": ""additional""}, {""ORCID"": ""https://orcid.org/0000-0001-8001-0126"", ""affiliation"": [], ""authenticated-orcid"": true, ""family"": ""Adams"", ""given"": ""Dawn"", ""sequence"": ""additional""}]",,,,,https://creativecommons.org/publicdomain/zero/1.0/legalcode,"[{""URL"": ""https://creativecommons.org/publicdomain/zero/1.0/legalcode"", ""content-version"": ""unspecified"", ""delay-in-days"": 0, ""start"": {""date-parts"": [[2025, 10, 5]], ""date-time"": ""2025-10-05T00:00:00Z"", ""timestamp"": 1759622400000}}]",,,,,,,,,,0,0,,,,10.31219/osf.io/yg6jv_v1,"{""is-version-of"": [{""asserted-by"": ""subject"", ""id"": ""10.31219/osf.io/yg6jv_v1"", ""id-type"": ""doi""}]}",,,,,"{""crossmark-restriction"": false, ""domain"": []}",,,Open Science Framework,15934,Crossref,0.0,"<p>ABSTRACTBackgroundAutistic adults experience high rates of depression, yet the DSM-5-TR criteria may not fully represent their experiences. Differences in alexithymia, interoception, and sensory processing may influence how autistic adults experience and describe depression. This study examines whether autistic adults' depressive experiences align with or differ from DSM-5-TR criteria to inform diagnostic understanding.MethodsWe used an exploratory qualitative design. A total of 109 autistic adults and 13 caregivers who reported on an autistic adult they support participated. Participants described depressive experiences relative to their usual autistic baseline through an online survey (n = 112) or a semi-structured interview (n = 10). Researchers applied direct content analysis to identify DSM-5-TR-aligned symptoms and used inductive analysis to identify additional experiences.Results Participants met DSM-5-TR depression criteria, but autism-related differences may influence symptom expression. Depressed mood presented as emotional emptiness or numbness. Anhedonia involves a loss of enjoyment in deep or focused interests, a key source of emotional regulation. Fatigue felt like physical heaviness and appetite changes included restrictive eating patterns. Task initiation, time management, and hyperfocus difficulties occurred but did not appear in DSM-5-TR. Participants described ""Depression attacks""—sudden, overwhelming suicidal ideation with a loss of control. Additionally, depression may influence autistic characteristics, including fluctuations in sensory sensitivities and repetitive behaviours during depressive episodes. Autistic adults reported difficulties with emotional regulation, meltdowns and shutdowns, suggesting depressive episodes exacerbate challenges in emotional and sensory modulation.ConclusionAutistic adults often meet DSM-5-TR depression criteria, but their symptom expression may differ, which can complicate diagnosis. Autism may influence how autistic adults experience depression, while depression may influence autistic characteristics. Standard diagnostic frameworks often fail to account for these bidirectional effects, increasing the risk of inaccurate diagnosis. Recognising these interactions can improve diagnostic accuracy and guide the development of autism-relevant assessment tools.</p>"
10.31219/osf.io/6vn97_v1,https://doi.org/10.31219/osf.io/6vn97_v1,https://osf.io/6vn97_v1,宇宙的真实本质：物质波,,,,posted-content,preprint,10.31219,Center for Open Science,,,,2025-10-05,2025-10-05,2025-10-05,2025-10-05,2025-10-05,,,,,志鴻 吳,"[{""ORCID"": ""https://orcid.org/0009-0009-8177-4967"", ""affiliation"": [], ""authenticated-orcid"": true, ""family"": ""吳"", ""given"": ""志鴻"", ""sequence"": ""first""}]",,,,,https://creativecommons.org/licenses/by/4.0/legalcode,"[{""URL"": ""https://creativecommons.org/licenses/by/4.0/legalcode"", ""content-version"": ""unspecified"", ""delay-in-days"": 0, ""start"": {""date-parts"": [[2025, 10, 5]], ""date-time"": ""2025-10-05T00:00:00Z"", ""timestamp"": 1759622400000}}]",,,,,,,,,,0,0,,,,,,,,,,"{""crossmark-restriction"": false, ""domain"": []}",,,Open Science Framework,15934,Crossref,0.0,<p>「量子力学」和「量子场论」是描述微观世界的精确理论。前者以「波包」来描述粒子的位置和动量，后者则把粒子解释为「量子场的激发态」。二者在核心原理上兼容，但是却呈现出截然不同的物理图像。本研究指出，物质波并非物质的固有属性，也不是量子场的波动，而是不同参考系之间的时间和空间坐标发生耦合所造成的现象。在此观点下，我们发现「向量形式的洛伦兹变换」不仅隐含了经典力学中「三个参考系的位置向量关系」，而且其数学结构与波函数极为相似，可以直接推导出自由粒子的波函数。该波函数包含「波动项」和「非波动项」，提供了波函数坍缩和量子退相干的可能机制。推导过程显示一参考系中的「圆周运动或简谐运动」相对于另一参考系来说，必须以「波函数」来描述，这一现象称为「玫羲效应」。本研究首次展示了经典力学、相对论和量子力学可以自然的融合，为理解物质波的本质提供了新的视角，并可能对物理学的发展带来深远的影响。</p>
10.31219/osf.io/7bn8v_v4,https://doi.org/10.31219/osf.io/7bn8v_v4,https://osf.io/7bn8v_v4,Reactions to US liberal backsliding,,,,posted-content,preprint,10.31219,Center for Open Science,,,,2025-10-04,2025-10-04,2025-10-07,2025-10-11,2025-10-04,,,,,Stuart J Turnbull-Dugarte; Michal Grahn; Joseph Noonan; Rebecka Knudsen,"[{""ORCID"": ""https://orcid.org/0000-0002-9330-3945"", ""affiliation"": [], ""authenticated-orcid"": true, ""family"": ""Turnbull-Dugarte"", ""given"": ""Stuart J"", ""sequence"": ""first""}, {""ORCID"": ""https://orcid.org/0000-0002-2049-201X"", ""affiliation"": [], ""authenticated-orcid"": true, ""family"": ""Grahn"", ""given"": ""Michal"", ""sequence"": ""additional""}, {""affiliation"": [], ""family"": ""Noonan"", ""given"": ""Joseph"", ""sequence"": ""additional""}, {""affiliation"": [], ""family"": ""Knudsen"", ""given"": ""Rebecka"", ""sequence"": ""additional""}]",,,,,https://creativecommons.org/licenses/by/4.0/legalcode,"[{""URL"": ""https://creativecommons.org/licenses/by/4.0/legalcode"", ""content-version"": ""unspecified"", ""delay-in-days"": 0, ""start"": {""date-parts"": [[2025, 10, 4]], ""date-time"": ""2025-10-04T00:00:00Z"", ""timestamp"": 1759536000000}}]",,,,,,,,,,0,1,,,,10.31219/osf.io/7bn8v_v1; 10.31219/osf.io/7bn8v_v2; 10.31219/osf.io/7bn8v_v3,"{""is-version-of"": [{""asserted-by"": ""subject"", ""id"": ""10.31219/osf.io/7bn8v_v3"", ""id-type"": ""doi""}, {""asserted-by"": ""subject"", ""id"": ""10.31219/osf.io/7bn8v_v2"", ""id-type"": ""doi""}, {""asserted-by"": ""subject"", ""id"": ""10.31219/osf.io/7bn8v_v1"", ""id-type"": ""doi""}]}",,,,,"{""crossmark-restriction"": false, ""domain"": []}",,,Open Science Framework,15934,Crossref,0.0,"<p>The United States, long regarded as a stable liberal democracy, is now experiencing rapid and far-reaching backsliding. The liberal pillar of American democracy -- especially the protection of gender equality, minority rights, and civil liberties -- is eroding. How do citizens around the world respond to this decline? We answer this question via two causal strategies. First, we leverage a quasi-experiment using individual-level data (N=32,080) from thirty-five countries to causally identify how exposure to attacks on women's rights undermine the US' standing among the citizens of core European allies. Second, we rely on a pre-registered vignette experiment in Britain (N=2,993) to show that exposure to news about attacks on civil liberties and LGBTQ+ rights, depresses the world's view of the US as a democracy. Our experimental results also demonstrate that liberal backsliding, particularly attacks on LGBTQ+ rights, has downstream consequences: it undermines public willingness to engage in collaboration with the US. This response is motivated by updating views on the US' compliance with shared liberal values rather than fear of backsliding at home. These findings show that liberal backsliding in the US has global consequences. When a leading democracy undermines liberal values, it weakens respect abroad, erodes its reputation, and reduces public support for cooperation. Attacks on women's and LGBTQ+ rights harm not only those targeted within the US, but US as a whole.</p>"
10.31219/osf.io/qx5ca_v2,https://doi.org/10.31219/osf.io/qx5ca_v2,https://osf.io/qx5ca_v2,Advancing the psychometrics of reverse-keyed items:  Enriching cognitive theory by a logical and linguistic perspective,,,,posted-content,preprint,10.31219,Center for Open Science,,,,2025-10-01,2025-10-01,2025-10-21,2025-10-22,2025-10-01,,,,,David Elek; Hynek Cígler; David Joachim Grüning; Standa Ježek,"[{""affiliation"": [], ""family"": ""Elek"", ""given"": ""David"", ""sequence"": ""first""}, {""ORCID"": ""https://orcid.org/0000-0001-9959-6227"", ""affiliation"": [], ""authenticated-orcid"": true, ""family"": ""Cígler"", ""given"": ""Hynek"", ""sequence"": ""additional""}, {""ORCID"": ""https://orcid.org/0000-0002-9274-5477"", ""affiliation"": [], ""authenticated-orcid"": true, ""family"": ""Grüning"", ""given"": ""David Joachim"", ""sequence"": ""additional""}, {""affiliation"": [], ""family"": ""Ježek"", ""given"": ""Standa"", ""sequence"": ""additional""}]",,,,,https://creativecommons.org/licenses/by/4.0/legalcode,"[{""URL"": ""https://creativecommons.org/licenses/by/4.0/legalcode"", ""content-version"": ""unspecified"", ""delay-in-days"": 0, ""start"": {""date-parts"": [[2025, 10, 1]], ""date-time"": ""2025-10-01T00:00:00Z"", ""timestamp"": 1759276800000}}]",,,,,,,,,,0,0,,10.3389/fpsyg.2025.1684612,,10.31219/osf.io/qx5ca_v1,"{""is-preprint-of"": [{""asserted-by"": ""subject"", ""id"": ""10.3389/fpsyg.2025.1684612"", ""id-type"": ""doi""}], ""is-version-of"": [{""asserted-by"": ""subject"", ""id"": ""10.31219/osf.io/qx5ca_v1"", ""id-type"": ""doi""}]}",,,,,"{""crossmark-restriction"": false, ""domain"": []}",,,Open Science Framework,15934,Crossref,0.0,"<p>Inclusion of reverse-keyed items in a questionnaire usually impacts its factor structure and reliability. Therefore, their presence or absence also affects measurement validity, yet a clear consensus on their use is missing. In this paper, we provide an overview of the literature on the use of reverse-keyed items. We outline the typical arguments for and against their use, along with the cognitive explanatory framework commonly used to account for the associated issues. We further argue that while the cognitive model of responding is theoretically meaningful, it cannot, on its own, identify specific error sources from reverse-keyed item sets, and that issue lies in the implicit assumption regarding how reverse-keyed items should function. Furthermore, we note that literature on reverse-keyed items is at an impasse, with conflicting recommendations and inconclusive results. As a solution, we introduce a logical and linguistic perspective to advance our understanding of reverse-keyed items. This perspective allows researchers to understand that response inconsistencies in a statistical model do not necessarily indicate logically inconsistent answers from the respondent. Enriching the cognitive model with a linguistic perspective, which has been missing in psychometric literature, allows us to differentiate between mere statistical and actual response inconsistency. Based on this combination of cognitive and linguistic theory, we advance the historical analysis of response bias by suggesting that future research should closely draw from linguistic concepts to arrive at a promising explanatory framework that can then better inform modeling decisions. However, further empirical studies are needed to test our hypotheses and evaluate the magnitude and relevance of the proposed linguistic effects.</p>"
10.31219/osf.io/zy5hf_v3,https://doi.org/10.31219/osf.io/zy5hf_v3,https://osf.io/zy5hf_v3,The development of number reading:  Fifth-grade children show adult-like visual analysis of digit strings,,,,posted-content,preprint,10.31219,Center for Open Science,,,,2025-10-04,2025-10-04,2025-10-21,2025-10-22,2025-10-04,,,,,Dror Dotan; Guy Almani; Meital Norman,"[{""ORCID"": ""https://orcid.org/0000-0002-0632-620X"", ""affiliation"": [], ""authenticated-orcid"": true, ""family"": ""Dotan"", ""given"": ""Dror"", ""sequence"": ""first""}, {""affiliation"": [], ""family"": ""Almani"", ""given"": ""Guy"", ""sequence"": ""additional""}, {""affiliation"": [], ""family"": ""Norman"", ""given"": ""Meital"", ""sequence"": ""additional""}]",,,,,https://creativecommons.org/licenses/by/4.0/legalcode,"[{""URL"": ""https://creativecommons.org/licenses/by/4.0/legalcode"", ""content-version"": ""unspecified"", ""delay-in-days"": 0, ""start"": {""date-parts"": [[2025, 10, 4]], ""date-time"": ""2025-10-04T00:00:00Z"", ""timestamp"": 1759536000000}}]",,,,,,,,,,0,0,,10.1111/bjdp.70021,,10.31219/osf.io/zy5hf_v1; 10.31219/osf.io/zy5hf_v2,"{""is-preprint-of"": [{""asserted-by"": ""subject"", ""id"": ""10.1111/bjdp.70021"", ""id-type"": ""doi""}], ""is-version-of"": [{""asserted-by"": ""subject"", ""id"": ""10.31219/osf.io/zy5hf_v2"", ""id-type"": ""doi""}, {""asserted-by"": ""subject"", ""id"": ""10.31219/osf.io/zy5hf_v1"", ""id-type"": ""doi""}]}",,,,,"{""crossmark-restriction"": false, ""domain"": []}",,,Open Science Framework,15934,Crossref,0.0,"<p>The ability to read and write multi-digit numbers is increasingly recognized as a critical component of mathematical literacy. Previous studies showed that this skill takes years to develop, and children are not fluent even by the fourth grade. Here, we examined fifth-grade children as they read aloud briefly-presented digit strings. They were no less accurate than adults. Moreover, several of their number reading patterns resembled those of adults, indicating adult-like functioning of the visual analyzer – the cognitive process that parses digit strings. Specifically, the children scanned digits from left to right, showed an advantage for outer digits over inner digits, and demonstrated a dissociation between digit identification and position encoding. These findings indicate that by the fifth grade, children not only exhibit task proficiency in number reading, but they also rely on cognitive processes that are already mature in key aspects.</p>"
10.31219/osf.io/a7jhs_v2,https://doi.org/10.31219/osf.io/a7jhs_v2,https://osf.io/a7jhs_v2,"An analysis of the associations between boredom, effort value, and exercise behavior",,,,posted-content,preprint,10.31219,Center for Open Science,,,,2025-10-05,2025-10-05,2025-11-13,2025-11-13,2025-10-05,,,,,Corinna Martarelli; Katja Rewitz; Wanja Wolff,"[{""ORCID"": ""https://orcid.org/0000-0001-9160-793X"", ""affiliation"": [], ""authenticated-orcid"": true, ""family"": ""Martarelli"", ""given"": ""Corinna"", ""sequence"": ""first""}, {""affiliation"": [], ""family"": ""Rewitz"", ""given"": ""Katja"", ""sequence"": ""additional""}, {""affiliation"": [], ""family"": ""Wolff"", ""given"": ""Wanja"", ""sequence"": ""additional""}]",,,,,https://creativecommons.org/licenses/by/4.0/legalcode,"[{""URL"": ""https://creativecommons.org/licenses/by/4.0/legalcode"", ""content-version"": ""unspecified"", ""delay-in-days"": 0, ""start"": {""date-parts"": [[2025, 10, 5]], ""date-time"": ""2025-10-05T00:00:00Z"", ""timestamp"": 1759622400000}}]",,,,,,,,,,0,0,,,,10.31219/osf.io/a7jhs_v1,"{""is-version-of"": [{""asserted-by"": ""subject"", ""id"": ""10.31219/osf.io/a7jhs_v1"", ""id-type"": ""doi""}]}",,,,,"{""crossmark-restriction"": false, ""domain"": []}",,,Open Science Framework,15934,Crossref,0.0,"<p>Insufficient physical activity poses significant health risks, making it essential to understand psychological aspects influencing exercise engagement. Here, we examined the relationship between exercise boredom, the perceived value of physical effort, and self-reported exercise behavior. A cross-sectional online study with 351 participants (M = 30.58 years, SD = 10.82) assessed exercise boredom using a Bored of Sports Scale (BOSS) and the perceived value of physical effort using the Value of Physical Effort Scale (VoPE). Exercise behavior was measured as weekly minutes of sport activity. We found that both exercise boredom and the value of physical effort are relevant for exercise engagement, with the value of physical effort being a stable predictor and closely linked to exercise behavior. Bayesian network analysis further supported this, revealing that value of physical effort and exercise behavior clustered closely together, suggesting a robust relationship. Mediation analyses showed that the relationship between exercise boredom and exercise behavior was mediated by the perceived value of physical effort. Higher boredom levels were associated with a lower perceived value of physical effort, which in turn was positively linked to time spent exercising. The significant indirect effect suggests that boredom contributes to lower exercise engagement partly by reducing the perceived value of physical effort. These findings highlight the importance of addressing exercise boredom and enhancing the perceived value of physical effort to promote sustained physical activity and improve health outcomes.</p>"
10.31219/osf.io/dth8y_v3,https://doi.org/10.31219/osf.io/dth8y_v3,https://osf.io/dth8y_v3,Wearanize+: A Multimodal Dataset for Evaluating Wearable Technologies in Sleep Research,,,,posted-content,preprint,10.31219,Center for Open Science,,,,2025-10-03,2025-10-03,2025-11-14,2025-11-14,2025-10-03,,,,,Niloy Sikder; Lieuwe Verkaar; Anastasiya Paltarzhytskaya; Selin Acan; Leonore Bovy; Tania Almazova; Elena Krugliakova; Yevgenia Rosenblum; Matthias Krauledat; Martin Dresler; Paul Zerr,"[{""affiliation"": [], ""family"": ""Sikder"", ""given"": ""Niloy"", ""sequence"": ""first""}, {""affiliation"": [], ""family"": ""Verkaar"", ""given"": ""Lieuwe"", ""sequence"": ""additional""}, {""affiliation"": [], ""family"": ""Paltarzhytskaya"", ""given"": ""Anastasiya"", ""sequence"": ""additional""}, {""ORCID"": ""https://orcid.org/0009-0007-1223-7178"", ""affiliation"": [], ""authenticated-orcid"": true, ""family"": ""Acan"", ""given"": ""Selin"", ""sequence"": ""additional""}, {""affiliation"": [], ""family"": ""Bovy"", ""given"": ""Leonore"", ""sequence"": ""additional""}, {""affiliation"": [], ""family"": ""Almazova"", ""given"": ""Tania"", ""sequence"": ""additional""}, {""affiliation"": [], ""family"": ""Krugliakova"", ""given"": ""Elena"", ""sequence"": ""additional""}, {""affiliation"": [], ""family"": ""Rosenblum"", ""given"": ""Yevgenia"", ""sequence"": ""additional""}, {""ORCID"": ""https://orcid.org/0000-0001-7186-0276"", ""affiliation"": [], ""authenticated-orcid"": true, ""family"": ""Krauledat"", ""given"": ""Matthias"", ""sequence"": ""additional""}, {""ORCID"": ""https://orcid.org/0000-0001-7441-3818"", ""affiliation"": [], ""authenticated-orcid"": true, ""family"": ""Dresler"", ""given"": ""Martin"", ""sequence"": ""additional""}, {""affiliation"": [], ""family"": ""Zerr"", ""given"": ""Paul"", ""sequence"": ""additional""}]",,,,,https://creativecommons.org/licenses/by/4.0/legalcode,"[{""URL"": ""https://creativecommons.org/licenses/by/4.0/legalcode"", ""content-version"": ""unspecified"", ""delay-in-days"": 0, ""start"": {""date-parts"": [[2025, 10, 3]], ""date-time"": ""2025-10-03T00:00:00Z"", ""timestamp"": 1759449600000}}]",,,,,,,,,,0,0,,,,10.31219/osf.io/dth8y_v1; 10.31219/osf.io/dth8y_v2,"{""is-version-of"": [{""asserted-by"": ""subject"", ""id"": ""10.31219/osf.io/dth8y_v2"", ""id-type"": ""doi""}, {""asserted-by"": ""subject"", ""id"": ""10.31219/osf.io/dth8y_v1"", ""id-type"": ""doi""}]}",,,,,"{""crossmark-restriction"": false, ""domain"": []}",,,Open Science Framework,15934,Crossref,0.0,"<p>Sleep research heavily relies on polysomnography recordings to assess sleep architecture. While effective, this method is time-consuming and requires substantial resources and labor. Modern wearable devices provide a promising alternative for sleep monitoring as they are easy to wear and maintain. However, these devices are constrained by a limited number of channels and comparatively lower data quality, which often leads to unreliable outcomes derived from partial readings. To address this, we propose using multiple wearable devices and combining their outputs to acquire reliable sleep data. However, the feasibility of this approach must be rigorously tested before being relied upon to supplant polysomnography in scientific studies. To facilitate this, we have curated a dataset with concurrent full polysomnography and wearable device recordings of overnight sleep sessions. This dataset, named Wearanize+, includes data from 130 participants (one night each) using three different wearable devices: Zmax headband, Empatica E4 wristband, and ActivPAL leg patch, alongside polysomnography. It also includes questionnaires providing information on participants’ sleep, dreams, and overall health. This paper documents the setup, data collection, and data preprocessing steps of the Wearanize+ project, serving as a guide for using the resultant dataset. Our objectives with the dataset include developing machine learning models that can derive polysomnography-grade sleep stages from wearable devices’ data and exploring alternative data modalities for sleep scoring, especially when EEG signals are excessively noisy. Given its potential to support the testing of a wide range of hypotheses, we have made the dataset openly available to the research community.</p>"
