server_name,year,count
AIJR Preprints,2020,5
AIJR Preprints,2021,1
AIJR Preprints,2024,1
AMRC Open Research,2019,4
AMRC Open Research,2020,3
AMRC Open Research,2021,4
APSA Preprints,2019,14
APSA Preprints,2020,32
APSA Preprints,2021,36
APSA Preprints,2022,28
APSA Preprints,2023,30
APSA Preprints,2024,30
APSA Preprints,2025,33
ARPHA Preprints,2021,3
ARPHA Preprints,2022,9
ARPHA Preprints,2023,8
ARPHA Preprints,2024,5
ARPHA Preprints,2025,2
ART-Dok,2016,29
ART-Dok,2017,54
ART-Dok,2018,6
ART-Dok,2019,2
ART-Dok,2020,1
ART-Dok,2021,3
ART-Dok,2022,2
ART-Dok,2023,3
ART-Dok,2024,3
ART-Dok,2025,6
Advance,2018,79
Advance,2019,289
Advance,2020,424
Advance,2021,361
Advance,2022,213
Advance,2023,191
Advance,2024,88
Advance,2025,26
AfricArXiv,2018,5
AfricArXiv,2019,5
AfricArXiv,2020,6
AfricArXiv,2021,5
AfricArXiv,2022,4
AfricArXiv,2023,8
AfricArXiv,2024,1
AgEcon Search,2019,6286
AgEcon Search,2020,417
AgEcon Search,2021,324
AgEcon Search,2022,273
AgEcon Search,2023,94
AgEcon Search,2024,193
AgEcon Search,2025,453
AgriRxiv,2017,19
AgriRxiv,2018,28
AgriRxiv,2019,31
AgriRxiv,2020,8
AgriRxiv,2021,1
AgriRxiv,2022,4
AgriRxiv,2023,4
AgriRxiv,2024,3
AgriRxiv,2025,6
Arabixiv,2018,80
Arabixiv,2019,11
Arabixiv,2020,2
Authorea Inc.,2018,1
Authorea Inc.,2020,586
Authorea Inc.,2021,515
Authorea Inc.,2022,595
Authorea Inc.,2023,609
Authorea Inc.,2024,609
Authorea Inc.,2025,651
Beilstein Archives,2019,1
Beilstein Archives,2020,3
Beilstein Archives,2021,1
Beilstein Archives,2022,1
Beilstein Archives,2023,1
Beilstein Archives,2025,1
Bepress Legal Repository,2011,1
BioHackrXiv,2021,1
BioHackrXiv,2025,4
BodoArXiv,2019,3
BodoArXiv,2020,3
BodoArXiv,2021,1
BodoArXiv,2024,2
BodoArXiv,2025,4
CERN document server,2015,2
CERN document server,2016,3
CERN document server,2017,1
CERN document server,2018,1
CERN document server,2019,1
CERN document server,2020,2
CERN document server,2021,2
CERN document server,2022,1
CERN document server,2023,33
CERN document server,2024,38
CERN document server,2025,305
Cambridge Open Engage,2020,40
Cambridge Open Engage,2021,45
Cambridge Open Engage,2022,67
Cambridge Open Engage,2023,64
Cambridge Open Engage,2024,91
Cambridge Open Engage,2025,130
ChemRxiv,2017,39
ChemRxiv,2018,255
ChemRxiv,2019,530
ChemRxiv,2020,902
ChemRxiv,2021,965
ChemRxiv,2022,1124
ChemRxiv,2023,1380
ChemRxiv,2024,1545
ChemRxiv,2025,1318
CoP,2025,1
CogPrints,1994,1
CogPrints,1995,1
CogPrints,1997,1
CogPrints,1998,2
CogPrints,2000,6
CogPrints,2001,2
CogPrints,2002,3
CogPrints,2003,2
CogPrints,2004,3
CogPrints,2005,2
CogPrints,2006,1
CogPrints,2007,2
CogPrints,2008,1
CogPrints,2009,8
CogPrints,2010,3
CogPrints,2011,1
CogPrints,2012,1
CogPrints,2014,1
CogPrints,2016,1
Covid-19 Preprints,2020,10
Covid-19 Preprints,2021,6
Covid-19 Preprints,2022,6
Covid-19 Preprints,2023,2
Covid-19 Preprints,2024,3
Covid-19 Preprints,2025,4
CrimRxiv,2017,2
CrimRxiv,2019,2
CrimRxiv,2020,14
CrimRxiv,2021,31
CrimRxiv,2022,30
CrimRxiv,2023,17
CrimRxiv,2024,14
CrimRxiv,2025,19
CrossAsia-Repository,2024,3
DSpace@MIT,1990,3
DSpace@MIT,1991,2
DSpace@MIT,1992,1
DSpace@MIT,1993,1
DSpace@MIT,1994,2
DSpace@MIT,1996,5
DSpace@MIT,1998,3
DSpace@MIT,1999,2
DSpace@MIT,2000,2
DSpace@MIT,2001,2
DSpace@MIT,2002,9
DSpace@MIT,2003,6
DSpace@MIT,2004,5
DSpace@MIT,2005,5
DSpace@MIT,2006,4
DSpace@MIT,2007,9
DSpace@MIT,2008,32
DSpace@MIT,2009,114
DSpace@MIT,2010,160
DSpace@MIT,2011,153
DSpace@MIT,2012,145
DSpace@MIT,2013,151
DSpace@MIT,2014,140
DSpace@MIT,2015,197
DSpace@MIT,2016,206
DSpace@MIT,2017,227
DSpace@MIT,2018,207
DSpace@MIT,2019,108
DSpace@MIT,2020,75
DSpace@MIT,2021,105
DSpace@MIT,2022,8
Digital Access to Scholarship at Harvard (DASH) (Harvard University),1990,2
Digital Access to Scholarship at Harvard (DASH) (Harvard University),1994,1
Digital Access to Scholarship at Harvard (DASH) (Harvard University),1995,1
Digital Access to Scholarship at Harvard (DASH) (Harvard University),1996,1
Digital Access to Scholarship at Harvard (DASH) (Harvard University),1998,1
Digital Access to Scholarship at Harvard (DASH) (Harvard University),1999,2
Digital Access to Scholarship at Harvard (DASH) (Harvard University),2000,2
Digital Access to Scholarship at Harvard (DASH) (Harvard University),2001,3
Digital Access to Scholarship at Harvard (DASH) (Harvard University),2002,1
Digital Access to Scholarship at Harvard (DASH) (Harvard University),2003,2
Digital Access to Scholarship at Harvard (DASH) (Harvard University),2004,3
Digital Access to Scholarship at Harvard (DASH) (Harvard University),2005,3
Digital Access to Scholarship at Harvard (DASH) (Harvard University),2006,3
Digital Access to Scholarship at Harvard (DASH) (Harvard University),2007,5
Digital Access to Scholarship at Harvard (DASH) (Harvard University),2008,13
Digital Access to Scholarship at Harvard (DASH) (Harvard University),2009,14
Digital Access to Scholarship at Harvard (DASH) (Harvard University),2010,21
Digital Access to Scholarship at Harvard (DASH) (Harvard University),2011,19
Digital Access to Scholarship at Harvard (DASH) (Harvard University),2012,22
Digital Access to Scholarship at Harvard (DASH) (Harvard University),2013,14
Digital Access to Scholarship at Harvard (DASH) (Harvard University),2014,12
Digital Access to Scholarship at Harvard (DASH) (Harvard University),2015,4
Digital Access to Scholarship at Harvard (DASH) (Harvard University),2016,4
Digital Access to Scholarship at Harvard (DASH) (Harvard University),2017,4
Digital Access to Scholarship at Harvard (DASH) (Harvard University),2018,4
Digital Access to Scholarship at Harvard (DASH) (Harvard University),2019,2
Digital Access to Scholarship at Harvard (DASH) (Harvard University),2021,3
Digital Access to Scholarship at Harvard (DASH) (Harvard University),2022,2
Digital Access to Scholarship at Harvard (DASH) (Harvard University),2023,3
Digital Access to Scholarship at Harvard (DASH) (Harvard University),2025,2
E-LIS Repository,1994,1
E-LIS Repository,1995,2
E-LIS Repository,1997,2
E-LIS Repository,1999,1
E-LIS Repository,2000,2
E-LIS Repository,2001,3
E-LIS Repository,2002,1
E-LIS Repository,2003,3
E-LIS Repository,2004,3
E-LIS Repository,2005,6
E-LIS Repository,2006,9
E-LIS Repository,2007,4
E-LIS Repository,2008,5
E-LIS Repository,2009,6
E-LIS Repository,2010,1
E-LIS Repository,2011,9
E-LIS Repository,2012,12
E-LIS Repository,2013,6
E-LIS Repository,2014,5
E-LIS Repository,2015,7
E-LIS Repository,2016,6
E-LIS Repository,2017,3
E-LIS Repository,2018,1
E-LIS Repository,2019,4
E-LIS Repository,2020,9
E-LIS Repository,2021,4
E-LIS Repository,2022,2
E-LIS Repository,2024,1
E-LIS Repository,2025,1
ECSarXiv,2018,12
ECSarXiv,2019,8
ECSarXiv,2020,5
ECSarXiv,2022,3
ECSarXiv,2023,1
ECSarXiv,2024,3
ECSarXiv,2025,3
EGUsphere,2022,15
EGUsphere,2023,25
EGUsphere,2024,60
EGUsphere,2025,126
Earth and Space Science Open Archive,2018,29
Earth and Space Science Open Archive,2019,92
Earth and Space Science Open Archive,2020,615
Earth and Space Science Open Archive,2021,825
Earth and Space Science Open Archive,2022,507
Earth and Space Science Open Archive,2023,381
Earth and Space Science Open Archive,2024,366
Earth and Space Science Open Archive,2025,329
EarthArXiv,2017,181
EarthArXiv,2018,187
EarthArXiv,2019,37
EarthArXiv,2020,26
EarthArXiv,2021,43
EarthArXiv,2022,32
EarthArXiv,2023,39
EarthArXiv,2024,25
EarthArXiv,2025,35
EasyChair preprint,2017,1
EasyChair preprint,2018,59
EasyChair preprint,2019,15
EcoEvoRxiv,2018,2
EcoEvoRxiv,2019,2
EcoEvoRxiv,2020,4
EcoEvoRxiv,2021,12
EcoEvoRxiv,2022,11
EcoEvoRxiv,2023,17
EcoEvoRxiv,2024,14
EcoEvoRxiv,2025,18
EconStor Preprints,1990,15
EconStor Preprints,1991,18
EconStor Preprints,1992,10
EconStor Preprints,1993,11
EconStor Preprints,1994,20
EconStor Preprints,1995,15
EconStor Preprints,1996,10
EconStor Preprints,1997,38
EconStor Preprints,1998,34
EconStor Preprints,1999,52
EconStor Preprints,2000,74
EconStor Preprints,2001,89
EconStor Preprints,2002,117
EconStor Preprints,2003,72
EconStor Preprints,2004,91
EconStor Preprints,2005,98
EconStor Preprints,2006,104
EconStor Preprints,2007,69
EconStor Preprints,2008,109
EconStor Preprints,2009,114
EconStor Preprints,2010,133
EconStor Preprints,2011,134
EconStor Preprints,2012,129
EconStor Preprints,2013,127
EconStor Preprints,2014,126
EconStor Preprints,2015,115
EconStor Preprints,2016,125
EconStor Preprints,2017,126
EconStor Preprints,2018,120
EconStor Preprints,2019,101
EconStor Preprints,2020,65
EconStor Preprints,2021,43
EconStor Preprints,2022,17
EconStor Preprints,2023,7
EconStor Preprints,2024,4
EconStor Preprints,2025,6
EdArXiv,2019,31
EdArXiv,2020,71
EdArXiv,2021,11
EdArXiv,2022,16
EdArXiv,2023,28
EdArXiv,2024,37
EdArXiv,2025,97
Electron Colloquium Comput Complex,2017,4
Electron Colloquium Comput Complex,2018,3
Electron Colloquium Comput Complex,2019,10
Electron Colloquium Comput Complex,2020,10
Electron Colloquium Comput Complex,2021,5
Encyclopedia,2019,2
Encyclopedia,2020,4
EnerarXiv,2020,13
F1000Research,2012,69
F1000Research,2013,168
F1000Research,2014,184
F1000Research,2015,134
F1000Research,2016,162
F1000Research,2017,200
F1000Research,2018,272
F1000Research,2019,262
F1000Research,2020,362
F1000Research,2021,484
F1000Research,2022,577
F1000Research,2023,612
F1000Research,2024,522
F1000Research,2025,257
FocUS Archive,2017,2
FocUS Archive,2018,34
Frenxiv,2019,1
Frenxiv,2020,10
Gates Open Research,2017,8
Gates Open Research,2018,34
Gates Open Research,2019,68
Gates Open Research,2020,43
Gates Open Research,2021,33
Gates Open Research,2022,26
Gates Open Research,2023,30
Gates Open Research,2024,23
Gates Open Research,2025,1
HAL,1990,173
HAL,1991,148
HAL,1992,160
HAL,1993,140
HAL,1994,176
HAL,1995,167
HAL,1996,183
HAL,1997,177
HAL,1998,201
HAL,1999,177
HAL,2000,248
HAL,2001,261
HAL,2002,344
HAL,2003,502
HAL,2004,551
HAL,2005,863
HAL,2006,925
HAL,2007,966
HAL,2008,946
HAL,2009,1016
HAL,2010,1100
HAL,2011,1096
HAL,2012,1184
HAL,2013,1278
HAL,2014,1338
HAL,2015,1483
HAL,2016,1584
HAL,2017,1608
HAL,2018,1675
HAL,2019,1606
HAL,2020,1367
HAL,2021,1718
HAL,2022,986
HAL,2023,383
HAL,2024,241
HAL,2025,528
HRB Open Research,2018,16
HRB Open Research,2019,25
HRB Open Research,2020,56
HRB Open Research,2021,67
HRB Open Research,2022,41
HRB Open Research,2023,41
HRB Open Research,2024,35
HRB Open Research,2025,24
Humanities Commons CORE,2015,69
Humanities Commons CORE,2016,163
Humanities Commons CORE,2017,1099
Humanities Commons CORE,2018,863
Humanities Commons CORE,2019,1071
Humanities Commons CORE,2020,1118
Humanities Commons CORE,2021,1201
Humanities Commons CORE,2022,918
Humanities Commons CORE,2023,1940
Humanities Commons CORE,2024,1288
Humanities Commons CORE,2025,1728
IACR Cryptology ePrint Archive,1999,1
IACR Cryptology ePrint Archive,2000,1
IACR Cryptology ePrint Archive,2001,3
IACR Cryptology ePrint Archive,2002,6
IACR Cryptology ePrint Archive,2003,7
IACR Cryptology ePrint Archive,2004,14
IACR Cryptology ePrint Archive,2005,13
IACR Cryptology ePrint Archive,2006,14
IACR Cryptology ePrint Archive,2007,8
IACR Cryptology ePrint Archive,2008,16
IACR Cryptology ePrint Archive,2009,18
IACR Cryptology ePrint Archive,2010,15
IACR Cryptology ePrint Archive,2011,23
IACR Cryptology ePrint Archive,2012,23
IACR Cryptology ePrint Archive,2013,18
IACR Cryptology ePrint Archive,2014,25
IACR Cryptology ePrint Archive,2015,29
IACR Cryptology ePrint Archive,2016,20
IACR Cryptology ePrint Archive,2017,21
IACR Cryptology ePrint Archive,2018,18
IACR Cryptology ePrint Archive,2019,37
IACR Cryptology ePrint Archive,2020,47
IACR Cryptology ePrint Archive,2021,35
INA-Rxiv,2017,1338
INA-Rxiv,2018,1698
INA-Rxiv,2019,991
INA-Rxiv,2020,72
IndiaRxiv,2019,6
IndiaRxiv,2020,4
JMIR Preprints,2016,3
JMIR Preprints,2017,147
JMIR Preprints,2018,104
JMIR Preprints,2019,90
JMIR Preprints,2020,270
JMIR Preprints,2021,226
JMIR Preprints,2022,162
JMIR Preprints,2023,169
JMIR Preprints,2024,120
JMIR Preprints,2025,94
Keldysh Institute Preprints,2016,18
Keldysh Institute Preprints,2017,9
Keldysh Institute Preprints,2018,15
Keldysh Institute Preprints,2019,10
Keldysh Institute Preprints,2020,5
Keldysh Institute Preprints,2021,3
Keldysh Institute Preprints,2022,1
Keldysh Institute Preprints,2023,4
Keldysh Institute Preprints,2024,4
LIS Scholarship Archive,2017,50
LIS Scholarship Archive,2018,53
LIS Scholarship Archive,2019,11
LIS Scholarship Archive,2020,6
LIS Scholarship Archive,2024,2
LIS Scholarship Archive,2025,5
LSE Research Online Documents on Economics,1999,1
LSE Research Online Documents on Economics,2003,4
LSE Research Online Documents on Economics,2004,1
LSE Research Online Documents on Economics,2005,1
LSE Research Online Documents on Economics,2009,2
LSE Research Online Documents on Economics,2011,1
LSE Research Online Documents on Economics,2012,1
LatArXiv,2024,2
LatArXiv,2025,1
Law Archive,2016,17
Law Archive,2017,319
Law Archive,2018,311
Law Archive,2019,6
Law Archive,2020,17
Law Archive,2021,1
Law Archive,2023,5
Law Archive,2024,3
Law Archive,2025,8
MNI Open Research,2017,1
MNI Open Research,2018,3
MNI Open Research,2019,2
MarXiv,2017,11
MarXiv,2018,132
MarXiv,2019,3
MarXiv,2020,3
MarXiv,2025,1
MediArXiv,2019,5
MediArXiv,2020,1
MediArXiv,2021,2
MediArXiv,2022,2
MediArXiv,2024,5
MediArXiv,2025,5
MetaArXiv,2017,15
MetaArXiv,2018,7
MetaArXiv,2019,5
MetaArXiv,2020,17
MetaArXiv,2021,24
MetaArXiv,2022,27
MetaArXiv,2023,13
MetaArXiv,2024,28
MetaArXiv,2025,33
MindRxiv,2017,59
MindRxiv,2018,20
MindRxiv,2019,2
MindRxiv,2021,3
MindRxiv,2022,1
MindRxiv,2024,1
Munich Personal RePEc Archive,1990,1
Munich Personal RePEc Archive,1991,1
Munich Personal RePEc Archive,1992,1
Munich Personal RePEc Archive,1993,2
Munich Personal RePEc Archive,1994,2
Munich Personal RePEc Archive,1995,4
Munich Personal RePEc Archive,1996,2
Munich Personal RePEc Archive,1997,3
Munich Personal RePEc Archive,1998,4
Munich Personal RePEc Archive,1999,4
Munich Personal RePEc Archive,2000,10
Munich Personal RePEc Archive,2001,8
Munich Personal RePEc Archive,2002,9
Munich Personal RePEc Archive,2003,8
Munich Personal RePEc Archive,2004,8
Munich Personal RePEc Archive,2005,23
Munich Personal RePEc Archive,2006,36
Munich Personal RePEc Archive,2007,45
Munich Personal RePEc Archive,2008,65
Munich Personal RePEc Archive,2009,63
Munich Personal RePEc Archive,2010,70
Munich Personal RePEc Archive,2011,102
Munich Personal RePEc Archive,2012,89
Munich Personal RePEc Archive,2013,81
Munich Personal RePEc Archive,2014,72
Munich Personal RePEc Archive,2015,92
Munich Personal RePEc Archive,2016,85
Munich Personal RePEc Archive,2017,184
Munich Personal RePEc Archive,2018,131
Munich Personal RePEc Archive,2019,109
Munich Personal RePEc Archive,2020,74
Munich Personal RePEc Archive,2021,75
Munich Personal RePEc Archive,2022,27
Munich Personal RePEc Archive,2023,14
Munich Personal RePEc Archive,2024,1
Munich Personal RePEc Archive,2025,2
National Bureau of Economic Research,1990,5
National Bureau of Economic Research,1991,1
National Bureau of Economic Research,1992,3
National Bureau of Economic Research,1993,2
National Bureau of Economic Research,1994,3
National Bureau of Economic Research,1995,4
National Bureau of Economic Research,1996,3
National Bureau of Economic Research,1997,14
National Bureau of Economic Research,1998,11
National Bureau of Economic Research,1999,10
National Bureau of Economic Research,2000,6
National Bureau of Economic Research,2001,6
National Bureau of Economic Research,2002,7
National Bureau of Economic Research,2003,10
National Bureau of Economic Research,2004,8
National Bureau of Economic Research,2005,11
National Bureau of Economic Research,2006,13
National Bureau of Economic Research,2007,20
National Bureau of Economic Research,2008,15
National Bureau of Economic Research,2009,12
National Bureau of Economic Research,2010,24
National Bureau of Economic Research,2011,14
National Bureau of Economic Research,2012,15
National Bureau of Economic Research,2013,8
National Bureau of Economic Research,2014,5
National Bureau of Economic Research,2015,2
National Bureau of Economic Research,2021,2
Nature Precedings,2006,4
Nature Precedings,2007,138
Nature Precedings,2008,220
Nature Precedings,2009,376
Nature Precedings,2010,452
Nature Precedings,2011,474
Nature Precedings,2012,142
NewAddictionsX,2024,2
NutriXiv,2017,11
NutriXiv,2018,4
NutriXiv,2019,1
NutriXiv,2020,5
Open Research Africa,2018,17
Open Research Africa,2019,13
Open Research Africa,2020,16
Open Research Africa,2021,18
Open Research Africa,2022,7
Open Research Africa,2023,3
Open Research Africa,2024,3
Open Research Africa,2025,4
Open Research Europe,2021,108
Open Research Europe,2022,84
Open Research Europe,2023,119
Open Research Europe,2024,150
Open Research Europe,2025,99
Open Science Framework,2016,176
Open Science Framework,2017,2577
Open Science Framework,2018,2714
Open Science Framework,2019,690
Open Science Framework,2020,1022
Open Science Framework,2021,1582
Open Science Framework,2022,1358
Open Science Framework,2023,1327
Open Science Framework,2024,1198
Open Science Framework,2025,1301
Organic Eprints,1996,1
Organic Eprints,1997,1
Organic Eprints,1999,3
Organic Eprints,2000,2
Organic Eprints,2001,5
Organic Eprints,2002,12
Organic Eprints,2003,13
Organic Eprints,2004,10
Organic Eprints,2005,15
Organic Eprints,2006,12
Organic Eprints,2007,10
Organic Eprints,2008,12
Organic Eprints,2009,9
Organic Eprints,2010,10
Organic Eprints,2011,7
Organic Eprints,2012,11
Organic Eprints,2013,22
Organic Eprints,2014,8
Organic Eprints,2015,11
Organic Eprints,2016,7
Organic Eprints,2017,15
Organic Eprints,2018,18
Organic Eprints,2019,13
Organic Eprints,2020,10
Organic Eprints,2021,7
Oroboros Instruments,2019,3
Oroboros Instruments,2022,5
Oroboros Instruments,2023,3
Oroboros Instruments,2024,3
Oroboros Instruments,2025,2
PREPRINTS.RU,2020,11
PREPRINTS.RU,2021,5
PREPRINTS.RU,2022,9
PREPRINTS.RU,2023,3
PREPRINTS.RU,2024,6
PREPRINTS.RU,2025,19
PaleorXiv,2018,4
PaleorXiv,2019,2
PaleorXiv,2021,1
PaleorXiv,2024,5
PaleorXiv,2025,4
PeerJ Preprints,2013,55
PeerJ Preprints,2014,131
PeerJ Preprints,2015,169
PeerJ Preprints,2016,203
PeerJ Preprints,2017,137
PeerJ Preprints,2018,178
PeerJ Preprints,2019,83
PhilSci-Archive,2000,3
PhilSci-Archive,2001,6
PhilSci-Archive,2002,3
PhilSci-Archive,2003,5
PhilSci-Archive,2004,1
PhilSci-Archive,2005,1
PhilSci-Archive,2006,6
PhilSci-Archive,2007,2
PhilSci-Archive,2008,3
PhilSci-Archive,2009,3
PhilSci-Archive,2010,7
PhilSci-Archive,2011,12
PhilSci-Archive,2012,16
PhilSci-Archive,2013,21
PhilSci-Archive,2014,16
PhilSci-Archive,2015,8
PhilSci-Archive,2016,11
PhilSci-Archive,2017,18
PhilSci-Archive,2018,21
PhilSci-Archive,2019,21
PhilSci-Archive,2020,29
PhilSci-Archive,2021,14
PhilSci-Archive,2022,2
PhilSci-Archive,2023,3
PhilSci-Archive,2024,1
PhilSci-Archive,2025,1
Preprints.org,2016,107
Preprints.org,2017,240
Preprints.org,2018,628
Preprints.org,2019,451
Preprints.org,2020,835
Preprints.org,2021,798
Preprints.org,2022,613
Preprints.org,2023,1373
Preprints.org,2024,1790
Preprints.org,2025,1699
Prepublicaciones OpenCiencia,2020,1
PropylaeumDok,2016,3
PropylaeumDok,2017,27
PropylaeumDok,2018,1
PropylaeumDok,2019,7
PropylaeumDok,2020,5
PropylaeumDok,2021,2
PropylaeumDok,2022,9
PropylaeumDok,2023,5
PropylaeumDok,2024,2
PropylaeumDok,2025,1
PsyArXiv,2016,172
PsyArXiv,2017,298
PsyArXiv,2018,177
PsyArXiv,2019,204
PsyArXiv,2020,405
PsyArXiv,2021,453
PsyArXiv,2022,450
PsyArXiv,2023,797
PsyArXiv,2024,2051
PsyArXiv,2025,2224
Qeios,2018,2
Qeios,2019,15
Qeios,2020,161
Qeios,2021,158
Qeios,2022,332
Qeios,2023,1035
Qeios,2024,1379
Qeios,2025,208
RePEc: Research Papers in Economics,1990,295
RePEc: Research Papers in Economics,1991,202
RePEc: Research Papers in Economics,1992,259
RePEc: Research Papers in Economics,1993,250
RePEc: Research Papers in Economics,1994,243
RePEc: Research Papers in Economics,1995,356
RePEc: Research Papers in Economics,1996,421
RePEc: Research Papers in Economics,1997,582
RePEc: Research Papers in Economics,1998,569
RePEc: Research Papers in Economics,1999,690
RePEc: Research Papers in Economics,2000,786
RePEc: Research Papers in Economics,2001,828
RePEc: Research Papers in Economics,2002,1005
RePEc: Research Papers in Economics,2003,1047
RePEc: Research Papers in Economics,2004,1065
RePEc: Research Papers in Economics,2005,1324
RePEc: Research Papers in Economics,2006,1538
RePEc: Research Papers in Economics,2007,1297
RePEc: Research Papers in Economics,2008,1706
RePEc: Research Papers in Economics,2009,1395
RePEc: Research Papers in Economics,2010,1511
RePEc: Research Papers in Economics,2011,1408
RePEc: Research Papers in Economics,2012,1540
RePEc: Research Papers in Economics,2013,1608
RePEc: Research Papers in Economics,2014,1432
RePEc: Research Papers in Economics,2015,1485
RePEc: Research Papers in Economics,2016,1599
RePEc: Research Papers in Economics,2017,951
RePEc: Research Papers in Economics,2018,943
RePEc: Research Papers in Economics,2019,724
RePEc: Research Papers in Economics,2020,774
RePEc: Research Papers in Economics,2021,661
RePEc: Research Papers in Economics,2022,17
RePEc: Research Papers in Economics,2023,4
RePEc: Research Papers in Economics,2024,8
RePEc: Research Papers in Economics,2025,18
Research Square,2018,79
Research Square,2019,4928
Research Square,2020,13430
Research Square,2021,5370
Research Square,2022,5347
Research Square,2023,3297
Research Square,2024,1997
Research Square,2025,951
ResearchGate,2014,3
ResearchGate,2015,13
ResearchGate,2016,6
ResearchGate,2017,96
ResearchGate,2018,1219
ResearchGate,2019,1545
ResearchGate,2020,1588
ResearchGate,2021,1228
ResearchGate,2022,903
ResearchGate,2023,1459
ResearchGate,2024,1804
ResearchGate,2025,1781
ResearchHub,2022,1
ResearchHub,2023,4
ResearchHub,2024,19
ResearchHub,2025,91
SAE Mobilus®,2021,1
SAE Mobilus®,2023,2
SSRN,1967,1
SSRN,1969,1
SSRN,1971,1
SSRN,1973,1
SSRN,1976,3
SSRN,1979,2
SSRN,1981,3
SSRN,1984,2
SSRN,1985,3
SSRN,1987,1
SSRN,1988,2
SSRN,1989,4
SSRN,1990,17
SSRN,1991,21
SSRN,1992,13
SSRN,1993,11
SSRN,1994,31
SSRN,1995,65
SSRN,1996,110
SSRN,1997,171
SSRN,1998,337
SSRN,1999,492
SSRN,2000,804
SSRN,2001,1014
SSRN,2002,1202
SSRN,2003,1887
SSRN,2004,2069
SSRN,2005,2360
SSRN,2006,3314
SSRN,2007,3038
SSRN,2008,3509
SSRN,2009,4068
SSRN,2010,4384
SSRN,2011,4960
SSRN,2012,5123
SSRN,2013,4815
SSRN,2014,4818
SSRN,2015,4708
SSRN,2016,4271
SSRN,2017,4023
SSRN,2018,3932
SSRN,2019,4125
SSRN,2020,6470
SSRN,2021,6263
SSRN,2022,11663
SSRN,2023,14338
SSRN,2024,20233
SSRN,2025,22433
SciELO Preprints,2020,7
SciELO Preprints,2021,7
SciELO Preprints,2022,2
SciELO Preprints,2023,2
SciELO Preprints,2024,10
SciELO Preprints,2025,17
ScienceOpen Preprints,2014,36
ScienceOpen Preprints,2015,6
ScienceOpen Preprints,2016,8
ScienceOpen Preprints,2017,60
ScienceOpen Preprints,2018,13
ScienceOpen Preprints,2019,15
ScienceOpen Preprints,2020,39
ScienceOpen Preprints,2021,41
ScienceOpen Preprints,2022,45
ScienceOpen Preprints,2023,60
ScienceOpen Preprints,2024,50
ScienceOpen Preprints,2025,44
SocArXiv,2016,422
SocArXiv,2017,404
SocArXiv,2018,79
SocArXiv,2019,56
SocArXiv,2020,114
SocArXiv,2021,148
SocArXiv,2022,162
SocArXiv,2023,181
SocArXiv,2024,411
SocArXiv,2025,525
Social Science Open Access Repository,1990,3
Social Science Open Access Repository,1991,2
Social Science Open Access Repository,1993,2
Social Science Open Access Repository,1994,2
Social Science Open Access Repository,1995,6
Social Science Open Access Repository,1996,3
Social Science Open Access Repository,1997,3
Social Science Open Access Repository,1998,2
Social Science Open Access Repository,1999,3
Social Science Open Access Repository,2000,4
Social Science Open Access Repository,2001,3
Social Science Open Access Repository,2002,2
Social Science Open Access Repository,2003,10
Social Science Open Access Repository,2004,12
Social Science Open Access Repository,2005,14
Social Science Open Access Repository,2006,9
Social Science Open Access Repository,2007,12
Social Science Open Access Repository,2008,8
Social Science Open Access Repository,2009,15
Social Science Open Access Repository,2010,12
Social Science Open Access Repository,2011,9
Social Science Open Access Repository,2012,7
Social Science Open Access Repository,2013,9
Social Science Open Access Repository,2014,20
Social Science Open Access Repository,2015,12
Social Science Open Access Repository,2016,7
Social Science Open Access Repository,2017,15
Social Science Open Access Repository,2018,13
Social Science Open Access Repository,2019,16
Social Science Open Access Repository,2020,19
Social Science Open Access Repository,2021,7
Social Science Open Access Repository,2023,3
SportRxiv,2018,3
SportRxiv,2020,11
SportRxiv,2021,2
SportRxiv,2022,1
SportRxiv,2023,1
SportRxiv,2024,1
SportRxiv,2025,3
TechRxiv,2019,72
TechRxiv,2020,946
TechRxiv,2021,1795
TechRxiv,2022,2298
TechRxiv,2023,2876
TechRxiv,2024,575
TechRxiv,2025,514
Therapoid,2023,1
Thesis Commons,2017,1
Thesis Commons,2018,69
Thesis Commons,2019,20
Thesis Commons,2020,49
Thesis Commons,2021,31
Thesis Commons,2022,28
Thesis Commons,2023,15
Thesis Commons,2024,23
Thesis Commons,2025,31
UCL Open Environment,1998,1
UCL Open Environment,1999,6
UCL Open Environment,2000,2
UCL Open Environment,2003,2
UCL Open Environment,2005,1
UCL Open Environment,2006,2
UCL Open Environment,2007,1
UCL Open Environment,2009,2
UCL Open Environment,2010,1
UCL Open Environment,2011,3
UCL Open Environment,2012,4
UCL Open Environment,2014,4
UCL Open Environment,2015,3
UCL Open Environment,2016,4
UCL Open Environment,2017,1
UCL Open Environment,2018,7
UCL Open Environment,2019,9
UCL Open Environment,2020,17
UCL Open Environment,2021,19
UCL Open Environment,2022,27
UCL Open Environment,2023,14
UCL Open Environment,2024,10
UCL Open Environment,2025,4
UnisaRxiv,2022,1
UnisaRxiv,2024,1
VeriXiv,2024,17
VeriXiv,2025,42
Wellcome Open Research,2016,16
Wellcome Open Research,2017,62
Wellcome Open Research,2018,78
Wellcome Open Research,2019,108
Wellcome Open Research,2020,161
Wellcome Open Research,2021,158
Wellcome Open Research,2022,125
Wellcome Open Research,2023,119
Wellcome Open Research,2024,143
Wellcome Open Research,2025,55
WikiJournal of Humanities,2019,1
WikiJournal of Humanities,2021,1
WikiJournal of Medicine,2019,1
WikiJournal of Medicine,2020,2
WikiJournal of Medicine,2022,1
WikiJournal of Medicine,2023,2
WikiJournal of Science,2020,2
Zenodo,2013,1
Zenodo,2014,9
Zenodo,2015,7
Zenodo,2016,13
Zenodo,2017,98
Zenodo,2018,272
Zenodo,2019,675
Zenodo,2020,999
Zenodo,2021,1415
Zenodo,2022,1613
Zenodo,2023,1724
Zenodo,2024,4019
Zenodo,2025,50241
arXiv,2022,43672
arXiv,2023,4794
arXiv,2024,4605
arXiv,2025,2139
bioRxiv,2013,24
bioRxiv,2014,100
bioRxiv,2015,114
bioRxiv,2016,299
bioRxiv,2017,666
bioRxiv,2018,929
bioRxiv,2019,1361
bioRxiv,2020,2155
bioRxiv,2021,2407
bioRxiv,2022,2327
bioRxiv,2023,2696
bioRxiv,2024,2481
bioRxiv,2025,1192
eLife,2012,24
eLife,2013,208
eLife,2014,512
eLife,2015,797
eLife,2016,1006
eLife,2017,1080
eLife,2018,862
eLife,2019,895
eLife,2020,954
eLife,2021,736
eLife,2022,467
eLife,2023,314
eLife,2024,81
eLife,2025,94
engrXiv,2016,33
engrXiv,2017,51
engrXiv,2018,24
engrXiv,2019,37
engrXiv,2020,43
engrXiv,2021,41
engrXiv,2022,15
engrXiv,2023,25
engrXiv,2024,44
engrXiv,2025,41
medRxiv,2019,39
medRxiv,2020,756
medRxiv,2021,553
medRxiv,2022,418
medRxiv,2023,435
medRxiv,2024,470
medRxiv,2025,268
prepare@u,2019,2
prepare@u,2021,2
searchRxiv,2022,1
viXra,1993,1
viXra,1994,1
viXra,1995,1
viXra,1996,3
viXra,1998,2
viXra,1999,2
viXra,2000,5
viXra,2001,1
viXra,2004,5
viXra,2005,4
viXra,2006,6
viXra,2007,16
viXra,2008,6
viXra,2009,18
viXra,2010,64
viXra,2011,27
viXra,2012,49
viXra,2013,74
viXra,2014,90
viXra,2015,74
viXra,2016,75
viXra,2017,93
viXra,2018,231
viXra,2019,213
viXra,2020,191
viXra,2021,110
viXra,2022,2
viXra,2023,5
viXra,2024,11
viXra,2025,4
